stat,,sPSO - gPSO,sPSO - gPSO,sPSO - 20PSO,sPSO - 20PSO,sPSO - iPSO,sPSO - iPSO,sPSO - rPSO,sPSO - rPSO,sPSO - vnPSO,sPSO - vnPSO,gPSO - 20PSO,gPSO - 20PSO,gPSO - iPSO,gPSO - iPSO,gPSO - rPSO,gPSO - rPSO,gPSO - vnPSO,gPSO - vnPSO,20PSO - iPSO,20PSO - iPSO,20PSO - rPSO,20PSO - rPSO,20PSO - vnPSO,20PSO - vnPSO,iPSO - rPSO,iPSO - rPSO,iPSO - vnPSO,iPSO - vnPSO,rPSO - vnPSO,rPSO - vnPSO
p-val,,stat,p-val,stat,p-val,stat,p-val,stat,p-val,stat,p-val,stat,p-val,stat,p-val,stat,p-val,stat,p-val,stat,p-val,stat,p-val,stat,p-val,stat,p-val,stat,p-val,stat,p-val
indicator,function,,,,,,,,,,,,,,,,,,,,,,,,,,,,,,
DRoC Type A,Attractive Sector,0.6333333333333333,5.795481973815609e-06,0.2,0.5940706297759378,1.0,1.6911233892144742e-17,0.5333333333333333,0.0002933405491362055,0.3,0.13500350250095441,0.7333333333333333,4.326943555111202e-08,1.0,1.6911233892144742e-17,0.9666666666666667,1.0146740335286845e-15,0.7333333333333333,4.326943555111202e-08,1.0,1.6911233892144742e-17,0.4,0.015643390496754332,0.2,0.5940706297759378,1.0,1.6911233892144742e-17,1.0,1.6911233892144742e-17,0.3,0.13500350250095441
DRoC Type A,Brown,0.5666666666666667,8.737803591291227e-05,0.2,0.5940706297759378,1.0,1.6911233892144742e-17,0.43333333333333335,0.006548396368058784,0.23333333333333334,0.39294501397971776,0.5333333333333333,0.0002933405491362055,1.0,1.6911233892144742e-17,0.7,2.5000118318420276e-07,0.6666666666666666,1.2750060342394341e-06,1.0,1.6911233892144742e-17,0.36666666666666664,0.034580084963334506,0.2,0.5940706297759378,1.0,1.6911233892144742e-17,1.0,1.6911233892144742e-17,0.2,0.5940706297759378
DRoC Type A,Discus,0.4,0.015643390496754332,0.6666666666666666,1.2750060342394341e-06,1.0,1.6911233892144742e-17,0.6666666666666666,1.2750060342394341e-06,0.6333333333333333,5.795481973815609e-06,0.43333333333333335,0.006548396368058784,1.0,1.6911233892144742e-17,0.36666666666666664,0.034580084963334506,0.26666666666666666,0.23907300248018645,1.0,1.6911233892144742e-17,0.26666666666666666,0.23907300248018645,0.16666666666666666,0.8079631540901643,1.0,1.6911233892144742e-17,1.0,1.6911233892144742e-17,0.16666666666666666,0.8079631540901643
DRoC Type A,Ellipsoidal,0.3333333333333333,0.07088798787114439,0.2,0.5940706297759378,1.0,1.6911233892144742e-17,0.6,2.366488472641374e-05,0.3,0.13500350250095441,0.4,0.015643390496754332,1.0,1.6911233892144742e-17,0.8,8.466416460035895e-10,0.5333333333333333,0.0002933405491362055,1.0,1.6911233892144742e-17,0.8,8.466416460035895e-10,0.3333333333333333,0.07088798787114439,1.0,1.6911233892144742e-17,1.0,1.6911233892144742e-17,0.5,0.0008995776840176799
DRoC Type A,Elliptic,0.5,0.0008995776840176799,0.3,0.13500350250095441,1.0,1.6911233892144742e-17,0.43333333333333335,0.006548396368058784,0.4,0.015643390496754332,0.7,2.5000118318420276e-07,1.0,1.6911233892144742e-17,0.8,8.466416460035895e-10,0.8,8.466416460035895e-10,1.0,1.6911233892144742e-17,0.6,2.366488472641374e-05,0.26666666666666666,0.23907300248018645,1.0,1.6911233892144742e-17,1.0,1.6911233892144742e-17,0.36666666666666664,0.034580084963334506
DRoC Type A,Exponential,0.5333333333333333,0.0002933405491362055,0.16666666666666666,0.8079631540901643,1.0,1.6911233892144742e-17,0.3333333333333333,0.07088798787114439,0.23333333333333334,0.39294501397971776,0.6333333333333333,5.795481973815609e-06,1.0,1.6911233892144742e-17,0.8333333333333334,9.236090683675521e-11,0.7333333333333333,4.326943555111202e-08,1.0,1.6911233892144742e-17,0.3333333333333333,0.07088798787114439,0.2,0.5940706297759378,1.0,1.6911233892144742e-17,1.0,1.6911233892144742e-17,0.23333333333333334,0.39294501397971776
DRoC Type A,Drop Wave,0.16666666666666666,0.8079631540901643,0.23333333333333334,0.39294501397971776,1.0,1.6911233892144742e-17,0.6,2.366488472641374e-05,0.23333333333333334,0.39294501397971776,0.26666666666666666,0.23907300248018645,1.0,1.6911233892144742e-17,0.6333333333333333,5.795481973815609e-06,0.26666666666666666,0.23907300248018645,1.0,1.6911233892144742e-17,0.4,0.015643390496754332,0.1,0.9988393756362763,1.0,1.6911233892144742e-17,1.0,1.6911233892144742e-17,0.4,0.015643390496754332
DRoC Type A,Egg Crate,0.3,0.13500350250095441,0.26666666666666666,0.23907300248018645,1.0,1.6911233892144742e-17,0.8666666666666667,8.246509538996e-12,0.3333333333333333,0.07088798787114439,0.5333333333333333,0.0002933405491362055,1.0,1.6911233892144742e-17,0.9,5.78702423789193e-13,0.5666666666666667,8.737803591291227e-05,1.0,1.6911233892144742e-17,0.8666666666666667,8.246509538996e-12,0.13333333333333333,0.9578462903438838,1.0,1.6911233892144742e-17,1.0,1.6911233892144742e-17,0.9,5.78702423789193e-13
DRoC Type A,Price 2,0.5666666666666667,8.737803591291227e-05,0.3,0.13500350250095441,1.0,1.6911233892144742e-17,0.9,5.78702423789193e-13,0.5333333333333333,0.0002933405491362055,0.7,2.5000118318420276e-07,1.0,1.6911233892144742e-17,1.0,1.6911233892144742e-17,0.8,8.466416460035895e-10,0.9666666666666667,1.0146740335286845e-15,0.6333333333333333,5.795481973815609e-06,0.26666666666666666,0.23907300248018645,0.8666666666666667,8.246509538996e-12,0.8666666666666667,8.246509538996e-12,0.4,0.015643390496754332
DRoC Type A,Mishra 1,0.13333333333333333,0.9578462903438838,0.9666666666666667,1.0146740335286845e-15,1.0,1.6911233892144742e-17,1.0,1.6911233892144742e-17,0.9666666666666667,1.0146740335286845e-15,0.9333333333333333,2.993288398909619e-14,1.0,1.6911233892144742e-17,1.0,1.6911233892144742e-17,0.9333333333333333,2.993288398909619e-14,0.5666666666666667,8.737803591291227e-05,0.5,0.0008995776840176799,0.23333333333333334,0.39294501397971776,0.4,0.015643390496754332,0.4666666666666667,0.0025300622362698397,0.36666666666666664,0.034580084963334506
DRoC Type A,Needle Eye,0.6,2.366488472641374e-05,0.23333333333333334,0.39294501397971776,1.0,3.382246778428948e-17,0.3333333333333333,0.07088798787114439,0.26666666666666666,0.23907300248018645,0.7666666666666667,6.531235554884833e-09,1.0,3.382246778428948e-17,0.7666666666666667,6.531235554884833e-09,0.7666666666666667,6.531235554884833e-09,1.0,3.382246778428948e-17,0.23333333333333334,0.39294501397971776,0.16666666666666666,0.8079631540901643,1.0,3.382246778428948e-17,1.0,3.382246778428948e-17,0.23333333333333334,0.39294501397971776
DRoC Type A,Pinter,0.4666666666666667,0.0025300622362698397,0.23333333333333334,0.39294501397971776,1.0,1.6911233892144742e-17,0.3333333333333333,0.07088798787114439,0.26666666666666666,0.23907300248018645,0.6333333333333333,5.795481973815609e-06,1.0,1.6911233892144742e-17,0.7666666666666667,6.531235554884833e-09,0.6666666666666666,1.2750060342394341e-06,1.0,1.6911233892144742e-17,0.4666666666666667,0.0025300622362698397,0.13333333333333333,0.9578462903438838,1.0,1.6911233892144742e-17,1.0,1.6911233892144742e-17,0.5,0.0008995776840176799
DRoC Type A,Qing,0.7,2.5000118318420276e-07,0.26666666666666666,0.23907300248018645,1.0,1.6911233892144742e-17,0.13333333333333333,0.9578462903438838,0.26666666666666666,0.23907300248018645,0.6666666666666666,1.2750060342394341e-06,1.0,1.6911233892144742e-17,0.7666666666666667,6.531235554884833e-09,0.6333333333333333,5.795481973815609e-06,1.0,1.6911233892144742e-17,0.3,0.13500350250095441,0.2,0.5940706297759378,1.0,1.6911233892144742e-17,1.0,1.6911233892144742e-17,0.3,0.13500350250095441
DRoC Type A,Rosenbrock,0.6,2.366488472641374e-05,0.2,0.5940706297759378,1.0,1.6911233892144742e-17,0.4666666666666667,0.0025300622362698397,0.3,0.13500350250095441,0.6333333333333333,5.795481973815609e-06,1.0,1.6911233892144742e-17,0.8333333333333334,9.236090683675521e-11,0.7666666666666667,6.531235554884833e-09,1.0,1.6911233892144742e-17,0.4,0.015643390496754332,0.3,0.13500350250095441,1.0,1.6911233892144742e-17,1.0,1.6911233892144742e-17,0.4,0.015643390496754332
DRoC Type A,Schwaffer 7,0.23333333333333334,0.39294501397971776,0.2,0.5940706297759378,1.0,1.6911233892144742e-17,0.3333333333333333,0.07088798787114439,0.26666666666666666,0.23907300248018645,0.3333333333333333,0.07088798787114439,1.0,1.6911233892144742e-17,0.5,0.0008995776840176799,0.4666666666666667,0.0025300622362698397,1.0,1.6911233892144742e-17,0.26666666666666666,0.23907300248018645,0.2,0.5940706297759378,1.0,1.6911233892144742e-17,1.0,1.6911233892144742e-17,0.16666666666666666,0.8079631540901643
DRoC Type A,Schwefel $1.2$,0.13333333333333333,0.9578462903438838,0.3,0.13500350250095441,1.0,1.6911233892144742e-17,0.5,0.0008995776840176799,0.36666666666666664,0.034580084963334506,0.3,0.13500350250095441,1.0,1.6911233892144742e-17,0.5333333333333333,0.0002933405491362055,0.36666666666666664,0.034580084963334506,1.0,1.6911233892144742e-17,0.36666666666666664,0.034580084963334506,0.16666666666666666,0.8079631540901643,1.0,1.6911233892144742e-17,1.0,1.6911233892144742e-17,0.26666666666666666,0.23907300248018645
DRoC Type A,Step 3,0.6,2.366488472641374e-05,0.3333333333333333,0.07088798787114439,1.0,1.6911233892144742e-17,0.4666666666666667,0.0025300622362698397,0.36666666666666664,0.034580084963334506,0.8333333333333334,9.236090683675521e-11,1.0,1.6911233892144742e-17,0.9,5.78702423789193e-13,0.8333333333333334,9.236090683675521e-11,1.0,1.6911233892144742e-17,0.2,0.5940706297759378,0.16666666666666666,0.8079631540901643,1.0,1.6911233892144742e-17,1.0,1.6911233892144742e-17,0.26666666666666666,0.23907300248018645
DRoC Type A,Weierstrass,0.6,2.366488472641374e-05,0.23333333333333334,0.39294501397971776,1.0,1.6911233892144742e-17,0.6333333333333333,5.795481973815609e-06,0.43333333333333335,0.006548396368058784,0.6666666666666666,1.2750060342394341e-06,1.0,1.6911233892144742e-17,0.8666666666666667,8.246509538996e-12,0.8333333333333334,9.236090683675521e-11,1.0,1.6911233892144742e-17,0.8,8.466416460035895e-10,0.5666666666666667,8.737803591291227e-05,1.0,1.6911233892144742e-17,1.0,1.6911233892144742e-17,0.4666666666666667,0.0025300622362698397
DRoC Type B,Attractive Sector,0.6,2.366488472641374e-05,0.43333333333333335,0.006548396368058784,0.5333333333333333,0.0002933405491362055,0.8333333333333334,9.236090683675521e-11,0.6333333333333333,5.795481973815609e-06,0.7666666666666667,6.531235554884833e-09,0.6333333333333333,5.795481973815609e-06,1.0,1.6911233892144742e-17,0.9,5.78702423789193e-13,0.3333333333333333,0.07088798787114439,0.7,2.5000118318420276e-07,0.26666666666666666,0.23907300248018645,0.4,0.015643390496754332,0.36666666666666664,0.034580084963334506,0.5666666666666667,8.737803591291227e-05
DRoC Type B,Brown,0.5666666666666667,8.737803591291227e-05,0.5666666666666667,8.737803591291227e-05,0.9,5.78702423789193e-13,0.8333333333333334,9.236090683675521e-11,0.6666666666666666,1.2750060342394341e-06,0.8,8.466416460035895e-10,0.9,5.78702423789193e-13,0.9333333333333333,2.993288398909619e-14,0.8666666666666667,8.246509538996e-12,0.9,5.78702423789193e-13,0.7666666666666667,6.531235554884833e-09,0.43333333333333335,0.006548396368058784,0.9333333333333333,2.993288398909619e-14,0.9,5.78702423789193e-13,0.5333333333333333,0.0002933405491362055
DRoC Type B,Discus,0.5333333333333333,0.0002933405491362055,0.5,0.0008995776840176799,0.5333333333333333,0.0002933405491362055,0.8333333333333334,9.236090683675521e-11,0.5,0.0008995776840176799,0.8,8.466416460035895e-10,0.6666666666666666,1.2750060342394341e-06,0.9666666666666667,1.0146740335286845e-15,0.7333333333333333,4.326943555111202e-08,0.4,0.015643390496754332,0.5666666666666667,8.737803591291227e-05,0.16666666666666666,0.8079631540901643,0.3333333333333333,0.07088798787114439,0.26666666666666666,0.23907300248018645,0.5666666666666667,8.737803591291227e-05
DRoC Type B,Ellipsoidal,0.7333333333333333,4.326943555111202e-08,0.3,0.13500350250095441,0.4666666666666667,0.0025300622362698397,0.36666666666666664,0.034580084963334506,0.4,0.015643390496754332,0.8333333333333334,9.236090683675521e-11,0.43333333333333335,0.006548396368058784,0.9,5.78702423789193e-13,0.8,8.466416460035895e-10,0.5,0.0008995776840176799,0.16666666666666666,0.8079631540901643,0.1,0.9988393756362763,0.5666666666666667,8.737803591291227e-05,0.5333333333333333,0.0002933405491362055,0.16666666666666666,0.8079631540901643
DRoC Type B,Elliptic,0.6333333333333333,5.795481973815609e-06,0.26666666666666666,0.23907300248018645,0.23333333333333334,0.39294501397971776,0.4666666666666667,0.0025300622362698397,0.26666666666666666,0.23907300248018645,0.6333333333333333,5.795481973815609e-06,0.4666666666666667,0.0025300622362698397,0.8333333333333334,9.236090683675521e-11,0.7,2.5000118318420276e-07,0.3333333333333333,0.07088798787114439,0.23333333333333334,0.39294501397971776,0.2,0.5940706297759378,0.4,0.015643390496754332,0.3333333333333333,0.07088798787114439,0.3333333333333333,0.07088798787114439
DRoC Type B,Exponential,0.6,2.366488472641374e-05,0.4,0.015643390496754332,0.4,0.015643390496754332,0.8333333333333334,9.236090683675521e-11,0.6333333333333333,5.795481973815609e-06,0.7333333333333333,4.326943555111202e-08,0.6,2.366488472641374e-05,1.0,1.6911233892144742e-17,0.9,5.78702423789193e-13,0.23333333333333334,0.39294501397971776,0.5666666666666667,8.737803591291227e-05,0.3333333333333333,0.07088798787114439,0.5,0.0008995776840176799,0.36666666666666664,0.034580084963334506,0.6,2.366488472641374e-05
DRoC Type B,Drop Wave,0.4,0.015643390496754332,0.16666666666666666,0.8079631540901643,0.3333333333333333,0.07088798787114439,0.9,5.78702423789193e-13,0.3333333333333333,0.07088798787114439,0.3333333333333333,0.07088798787114439,0.4666666666666667,0.0025300622362698397,0.8333333333333334,9.236090683675521e-11,0.2,0.5940706297759378,0.4,0.015643390496754332,0.8333333333333334,9.236090683675521e-11,0.23333333333333334,0.39294501397971776,0.8,8.466416460035895e-10,0.36666666666666664,0.034580084963334506,0.6666666666666666,1.2750060342394341e-06
DRoC Type B,Egg Crate,0.3,0.13500350250095441,0.26666666666666666,0.23907300248018645,0.3,0.13500350250095441,0.16666666666666666,0.8079631540901643,0.3,0.13500350250095441,0.4666666666666667,0.0025300622362698397,0.3,0.13500350250095441,0.4,0.015643390496754332,0.4666666666666667,0.0025300622362698397,0.3,0.13500350250095441,0.23333333333333334,0.39294501397971776,0.23333333333333334,0.39294501397971776,0.3333333333333333,0.07088798787114439,0.36666666666666664,0.034580084963334506,0.23333333333333334,0.39294501397971776
DRoC Type B,Price 2,0.4,0.015643390496754332,0.7333333333333333,4.326943555111202e-08,0.7333333333333333,4.326943555111202e-08,0.5,0.0008995776840176799,0.5666666666666667,8.737803591291227e-05,0.5666666666666667,8.737803591291227e-05,0.8666666666666667,8.246509538996e-12,0.4666666666666667,0.0025300622362698397,0.4666666666666667,0.0025300622362698397,0.9,5.78702423789193e-13,0.5333333333333333,0.0002933405491362055,0.2,0.5940706297759378,0.4666666666666667,0.0025300622362698397,0.7333333333333333,4.326943555111202e-08,0.36666666666666664,0.034580084963334506
DRoC Type B,Mishra 1,0.3,0.13500350250095441,0.6666666666666666,1.2750060342394341e-06,1.0,1.6911233892144742e-17,0.7333333333333333,4.326943555111202e-08,0.7,2.5000118318420276e-07,0.6666666666666666,1.2750060342394341e-06,1.0,1.6911233892144742e-17,0.7666666666666667,6.531235554884833e-09,0.7333333333333333,4.326943555111202e-08,0.7333333333333333,4.326943555111202e-08,0.13333333333333333,0.9578462903438838,0.16666666666666666,0.8079631540901643,0.8,8.466416460035895e-10,0.7333333333333333,4.326943555111202e-08,0.13333333333333333,0.9578462903438838
DRoC Type B,Needle Eye,0.7333333333333333,4.326943555111202e-08,0.43333333333333335,0.006548396368058784,0.5862068965517241,3.786381556226196e-05,0.5333333333333333,0.0002933405491362055,0.6666666666666666,1.2750060342394341e-06,0.9333333333333333,2.993288398909619e-14,0.5172413793103449,0.00044978884200884824,0.9,5.78702423789193e-13,0.9666666666666667,1.0146740335286845e-15,0.7241379310344828,7.500035495526079e-08,0.3333333333333333,0.07088798787114439,0.43333333333333335,0.006548396368058784,0.6908045977011494,4.211425922534895e-07,0.725287356321839,7.404275471263967e-08,0.16666666666666666,0.8079631540901643
DRoC Type B,Pinter,0.5333333333333333,0.0002933405491362055,0.5333333333333333,0.0002933405491362055,0.43333333333333335,0.006548396368058784,0.9333333333333333,2.993288398909619e-14,0.8,8.466416460035895e-10,0.8,8.466416460035895e-10,0.6333333333333333,5.795481973815609e-06,1.0,1.6911233892144742e-17,0.9666666666666667,1.0146740335286845e-15,0.3333333333333333,0.07088798787114439,0.8666666666666667,8.246509538996e-12,0.5333333333333333,0.0002933405491362055,0.6666666666666666,1.2750060342394341e-06,0.4,0.015643390496754332,0.7,2.5000118318420276e-07
DRoC Type B,Qing,0.5666666666666667,8.737803591291227e-05,0.6666666666666666,1.2750060342394341e-06,0.3,0.13500350250095441,0.8333333333333334,9.236090683675521e-11,0.7,2.5000118318420276e-07,0.9333333333333333,2.993288398909619e-14,0.43333333333333335,0.006548396368058784,0.9666666666666667,1.0146740335286845e-15,0.9333333333333333,2.993288398909619e-14,0.5333333333333333,0.0002933405491362055,0.43333333333333335,0.006548396368058784,0.16666666666666666,0.8079631540901643,0.6,2.366488472641374e-05,0.5333333333333333,0.0002933405491362055,0.3333333333333333,0.07088798787114439
DRoC Type B,Rosenbrock,0.6,2.366488472641374e-05,0.43333333333333335,0.006548396368058784,0.3,0.13500350250095441,0.7,2.5000118318420276e-07,0.7,2.5000118318420276e-07,0.7666666666666667,6.531235554884833e-09,0.5333333333333333,0.0002933405491362055,0.8333333333333334,9.236090683675521e-11,0.9333333333333333,2.993288398909619e-14,0.3,0.13500350250095441,0.5,0.0008995776840176799,0.36666666666666664,0.034580084963334506,0.5333333333333333,0.0002933405491362055,0.5,0.0008995776840176799,0.4,0.015643390496754332
DRoC Type B,Schwaffer 7,0.13333333333333333,0.9578462903438838,0.23333333333333334,0.39294501397971776,0.8333333333333334,9.236090683675521e-11,0.26666666666666666,0.23907300248018645,0.3,0.13500350250095441,0.23333333333333334,0.39294501397971776,0.9,5.78702423789193e-13,0.3,0.13500350250095441,0.26666666666666666,0.23907300248018645,0.7333333333333333,4.326943555111202e-08,0.2,0.5940706297759378,0.13333333333333333,0.9578462903438838,0.6333333333333333,5.795481973815609e-06,0.7,2.5000118318420276e-07,0.2,0.5940706297759378
DRoC Type B,Schwefel $1.2$,0.3333333333333333,0.07088798787114439,0.43333333333333335,0.006548396368058784,0.6,2.366488472641374e-05,0.5333333333333333,0.0002933405491362055,0.5,0.0008995776840176799,0.5,0.0008995776840176799,0.6,2.366488472641374e-05,0.5333333333333333,0.0002933405491362055,0.5333333333333333,0.0002933405491362055,0.3,0.13500350250095441,0.23333333333333334,0.39294501397971776,0.26666666666666666,0.23907300248018645,0.36666666666666664,0.034580084963334506,0.4,0.015643390496754332,0.13333333333333333,0.9578462903438838
DRoC Type B,Step 3,0.36666666666666664,0.034580084963334506,0.26666666666666666,0.23907300248018645,0.4,0.015643390496754332,0.8333333333333334,9.236090683675521e-11,0.3333333333333333,0.07088798787114439,0.6,2.366488472641374e-05,0.6666666666666666,1.2750060342394341e-06,0.9,5.78702423789193e-13,0.6,2.366488472641374e-05,0.3333333333333333,0.07088798787114439,0.7333333333333333,4.326943555111202e-08,0.26666666666666666,0.23907300248018645,0.43333333333333335,0.006548396368058784,0.16666666666666666,0.8079631540901643,0.5,0.0008995776840176799
DRoC Type B,Weierstrass,0.5333333333333333,0.0002933405491362055,0.4666666666666667,0.0025300622362698397,0.3333333333333333,0.07088798787114439,0.5666666666666667,8.737803591291227e-05,0.23333333333333334,0.39294501397971776,0.7333333333333333,4.326943555111202e-08,0.43333333333333335,0.006548396368058784,0.8,8.466416460035895e-10,0.5,0.0008995776840176799,0.36666666666666664,0.034580084963334506,0.3333333333333333,0.07088798787114439,0.36666666666666664,0.034580084963334506,0.43333333333333335,0.006548396368058784,0.2,0.5940706297759378,0.43333333333333335,0.006548396368058784
ERT Diversity,Attractive Sector,0.8666666666666667,8.246509538996e-12,0.6,2.366488472641374e-05,0.9666666666666667,1.0146740335286845e-15,0.9333333333333333,2.993288398909619e-14,0.7333333333333333,4.326943555111202e-08,1.0,1.6911233892144742e-17,0.6,2.366488472641374e-05,1.0,1.6911233892144742e-17,1.0,1.6911233892144742e-17,0.9666666666666667,1.0146740335286845e-15,0.5666666666666667,8.737803591291227e-05,0.3,0.13500350250095441,1.0,1.6911233892144742e-17,0.9666666666666667,1.0146740335286845e-15,0.4,0.015643390496754332
ERT Diversity,Brown,0.4666666666666667,0.0025300622362698397,0.6666666666666666,1.2750060342394341e-06,0.8666666666666667,8.246509538996e-12,0.9333333333333333,2.993288398909619e-14,0.8333333333333334,9.236090683675521e-11,0.9,5.78702423789193e-13,0.5666666666666667,8.737803591291227e-05,1.0,1.6911233892144742e-17,0.9666666666666667,1.0146740335286845e-15,0.9333333333333333,2.993288398909619e-14,0.6666666666666666,1.2750060342394341e-06,0.43333333333333335,0.006548396368058784,0.9333333333333333,2.993288398909619e-14,0.9333333333333333,2.993288398909619e-14,0.4666666666666667,0.0025300622362698397
ERT Diversity,Discus,0.6,2.366488472641374e-05,0.3333333333333333,0.07088798787114439,0.9333333333333333,2.993288398909619e-14,0.6666666666666666,1.2750060342394341e-06,0.6,2.366488472641374e-05,0.8666666666666667,8.246509538996e-12,0.9,5.78702423789193e-13,0.9666666666666667,1.0146740335286845e-15,0.9333333333333333,2.993288398909619e-14,0.9666666666666667,1.0146740335286845e-15,0.4,0.015643390496754332,0.3,0.13500350250095441,1.0,1.6911233892144742e-17,0.9666666666666667,1.0146740335286845e-15,0.26666666666666666,0.23907300248018645
ERT Diversity,Ellipsoidal,0.5666666666666667,8.737803591291227e-05,0.8,8.466416460035895e-10,0.8333333333333334,9.236090683675521e-11,0.9,5.78702423789193e-13,0.8333333333333334,9.236090683675521e-11,0.9666666666666667,1.0146740335286845e-15,0.7,2.5000118318420276e-07,1.0,1.6911233892144742e-17,1.0,1.6911233892144742e-17,0.9333333333333333,2.993288398909619e-14,0.9,5.78702423789193e-13,0.4,0.015643390496754332,0.9666666666666667,1.0146740335286845e-15,0.9333333333333333,2.993288398909619e-14,0.7666666666666667,6.531235554884833e-09
ERT Diversity,Elliptic,0.5,0.0008995776840176799,0.7333333333333333,4.326943555111202e-08,0.9,5.78702423789193e-13,0.9333333333333333,2.993288398909619e-14,0.9333333333333333,2.993288398909619e-14,0.9666666666666667,1.0146740335286845e-15,0.8,8.466416460035895e-10,1.0,1.6911233892144742e-17,1.0,1.6911233892144742e-17,0.9666666666666667,1.0146740335286845e-15,0.7,2.5000118318420276e-07,0.4,0.015643390496754332,0.9666666666666667,1.0146740335286845e-15,0.9666666666666667,1.0146740335286845e-15,0.5,0.0008995776840176799
ERT Diversity,Exponential,0.6666666666666666,1.2750060342394341e-06,0.5,0.0008995776840176799,0.9666666666666667,1.0146740335286845e-15,0.6666666666666666,1.2750060342394341e-06,0.6,2.366488472641374e-05,0.9,5.78702423789193e-13,0.9333333333333333,2.993288398909619e-14,1.0,1.6911233892144742e-17,0.9,5.78702423789193e-13,1.0,1.6911233892144742e-17,0.5,0.0008995776840176799,0.2,0.5940706297759378,1.0,1.6911233892144742e-17,1.0,1.6911233892144742e-17,0.5,0.0008995776840176799
ERT Diversity,Drop Wave,0.4,0.015643390496754332,0.6,2.366488472641374e-05,0.9666666666666667,1.0146740335286845e-15,0.8,8.466416460035895e-10,0.6666666666666666,1.2750060342394341e-06,0.4666666666666667,0.0025300622362698397,0.9666666666666667,1.0146740335286845e-15,0.8666666666666667,8.246509538996e-12,0.5666666666666667,8.737803591291227e-05,0.9666666666666667,1.0146740335286845e-15,0.6,2.366488472641374e-05,0.23333333333333334,0.39294501397971776,1.0,1.6911233892144742e-17,1.0,1.6911233892144742e-17,0.43333333333333335,0.006548396368058784
ERT Diversity,Egg Crate,0.26666666666666666,0.23907300248018645,0.7666666666666667,6.531235554884833e-09,0.9666666666666667,1.0146740335286845e-15,0.9666666666666667,1.0146740335286845e-15,0.8333333333333334,9.236090683675521e-11,0.8,8.466416460035895e-10,0.9,5.78702423789193e-13,0.9666666666666667,1.0146740335286845e-15,0.9,5.78702423789193e-13,1.0,1.6911233892144742e-17,0.9,5.78702423789193e-13,0.23333333333333334,0.39294501397971776,1.0,1.6911233892144742e-17,1.0,1.6911233892144742e-17,0.9,5.78702423789193e-13
ERT Diversity,Price 2,0.4,0.015643390496754332,0.5333333333333333,0.0002933405491362055,0.8666666666666667,8.246509538996e-12,0.43333333333333335,0.006548396368058784,0.5333333333333333,0.0002933405491362055,0.7666666666666667,6.531235554884833e-09,0.8666666666666667,8.246509538996e-12,0.5666666666666667,8.737803591291227e-05,0.6333333333333333,5.795481973815609e-06,0.9,5.78702423789193e-13,0.23333333333333334,0.39294501397971776,0.3,0.13500350250095441,0.8666666666666667,8.246509538996e-12,0.8333333333333334,9.236090683675521e-11,0.16666666666666666,0.8079631540901643
ERT Diversity,Mishra 1,0.13333333333333333,0.9578462903438838,0.5,0.0008995776840176799,0.9,5.78702423789193e-13,0.6333333333333333,5.795481973815609e-06,0.4666666666666667,0.0025300622362698397,0.5333333333333333,0.0002933405491362055,0.8666666666666667,8.246509538996e-12,0.5666666666666667,8.737803591291227e-05,0.5,0.0008995776840176799,0.7333333333333333,4.326943555111202e-08,0.36666666666666664,0.034580084963334506,0.13333333333333333,0.9578462903438838,0.6666666666666666,1.2750060342394341e-06,0.6333333333333333,5.795481973815609e-06,0.26666666666666666,0.23907300248018645
ERT Diversity,Needle Eye,0.6333333333333333,5.795481973815609e-06,0.5333333333333333,0.0002933405491362055,0.5183908045977011,0.000448374991415919,0.7666666666666667,6.531235554884833e-09,0.5666666666666667,8.737803591291227e-05,0.8666666666666667,8.246509538996e-12,0.2770114942528736,0.17477259742738827,0.9,5.78702423789193e-13,0.8666666666666667,8.246509538996e-12,0.6896551724137931,4.2500201141314455e-07,0.3,0.13500350250095441,0.23333333333333334,0.39294501397971776,0.6896551724137931,4.2500201141314455e-07,0.6563218390804598,2.110675071615575e-06,0.23333333333333334,0.39294501397971776
ERT Diversity,Pinter,0.5666666666666667,8.737803591291227e-05,0.6333333333333333,5.795481973815609e-06,0.9666666666666667,1.0146740335286845e-15,0.8,8.466416460035895e-10,0.7333333333333333,4.326943555111202e-08,0.9333333333333333,2.993288398909619e-14,0.8666666666666667,8.246509538996e-12,1.0,1.6911233892144742e-17,0.9666666666666667,1.0146740335286845e-15,0.9666666666666667,1.0146740335286845e-15,0.5666666666666667,8.737803591291227e-05,0.13333333333333333,0.9578462903438838,0.9666666666666667,1.0146740335286845e-15,0.9666666666666667,1.0146740335286845e-15,0.6333333333333333,5.795481973815609e-06
ERT Diversity,Qing,0.8666666666666667,8.246509538996e-12,0.26666666666666666,0.23907300248018645,0.9333333333333333,2.993288398909619e-14,0.5666666666666667,8.737803591291227e-05,0.4,0.015643390496754332,0.9333333333333333,2.993288398909619e-14,0.7333333333333333,4.326943555111202e-08,1.0,1.6911233892144742e-17,0.9666666666666667,1.0146740335286845e-15,0.9666666666666667,1.0146740335286845e-15,0.5,0.0008995776840176799,0.26666666666666666,0.23907300248018645,0.9666666666666667,1.0146740335286845e-15,0.9666666666666667,1.0146740335286845e-15,0.3333333333333333,0.07088798787114439
ERT Diversity,Rosenbrock,0.6333333333333333,5.795481973815609e-06,0.6,2.366488472641374e-05,0.9333333333333333,2.993288398909619e-14,0.8333333333333334,9.236090683675521e-11,0.8333333333333334,9.236090683675521e-11,0.9333333333333333,2.993288398909619e-14,0.7,2.5000118318420276e-07,0.9666666666666667,1.0146740335286845e-15,0.9666666666666667,1.0146740335286845e-15,1.0,1.6911233892144742e-17,0.5,0.0008995776840176799,0.36666666666666664,0.034580084963334506,1.0,1.6911233892144742e-17,1.0,1.6911233892144742e-17,0.43333333333333335,0.006548396368058784
ERT Diversity,Schwaffer 7,0.26666666666666666,0.23907300248018645,0.26666666666666666,0.23907300248018645,0.8333333333333334,9.236090683675521e-11,0.36666666666666664,0.034580084963334506,0.36666666666666664,0.034580084963334506,0.4,0.015643390496754332,0.7666666666666667,6.531235554884833e-09,0.5666666666666667,8.737803591291227e-05,0.5666666666666667,8.737803591291227e-05,0.9333333333333333,2.993288398909619e-14,0.23333333333333334,0.39294501397971776,0.2,0.5940706297759378,0.9333333333333333,2.993288398909619e-14,0.9333333333333333,2.993288398909619e-14,0.13333333333333333,0.9578462903438838
ERT Diversity,Schwefel $1.2$,0.16666666666666666,0.8079631540901643,0.6666666666666666,1.2750060342394341e-06,0.9666666666666667,1.0146740335286845e-15,0.7333333333333333,4.326943555111202e-08,0.7,2.5000118318420276e-07,0.7333333333333333,4.326943555111202e-08,0.9666666666666667,1.0146740335286845e-15,0.7333333333333333,4.326943555111202e-08,0.7333333333333333,4.326943555111202e-08,0.9666666666666667,1.0146740335286845e-15,0.26666666666666666,0.23907300248018645,0.13333333333333333,0.9578462903438838,1.0,1.6911233892144742e-17,0.9666666666666667,1.0146740335286845e-15,0.23333333333333334,0.39294501397971776
ERT Diversity,Step 3,0.6,2.366488472641374e-05,0.6,2.366488472641374e-05,0.9666666666666667,1.0146740335286845e-15,0.9,5.78702423789193e-13,0.7333333333333333,4.326943555111202e-08,1.0,1.6911233892144742e-17,0.7333333333333333,4.326943555111202e-08,1.0,1.6911233892144742e-17,1.0,1.6911233892144742e-17,0.9666666666666667,1.0146740335286845e-15,0.4,0.015643390496754332,0.16666666666666666,0.8079631540901643,1.0,1.6911233892144742e-17,0.9666666666666667,1.0146740335286845e-15,0.4666666666666667,0.0025300622362698397
ERT Diversity,Weierstrass,0.6333333333333333,5.795481973815609e-06,0.6333333333333333,5.795481973815609e-06,0.9333333333333333,2.993288398909619e-14,0.9,5.78702423789193e-13,0.7666666666666667,6.531235554884833e-09,0.9666666666666667,1.0146740335286845e-15,0.6666666666666666,1.2750060342394341e-06,1.0,1.6911233892144742e-17,0.9666666666666667,1.0146740335286845e-15,0.9666666666666667,1.0146740335286845e-15,0.9,5.78702423789193e-13,0.5666666666666667,8.737803591291227e-05,0.9666666666666667,1.0146740335286845e-15,0.9666666666666667,1.0146740335286845e-15,0.4,0.015643390496754332
Critical Diversity,Attractive Sector,0.6,2.366488472641374e-05,0.4,0.015643390496754332,1.0,1.6911233892144742e-17,0.8333333333333334,9.236090683675521e-11,0.6,2.366488472641374e-05,0.7,2.5000118318420276e-07,1.0,1.6911233892144742e-17,0.9666666666666667,1.0146740335286845e-15,0.8666666666666667,8.246509538996e-12,1.0,1.6911233892144742e-17,0.6333333333333333,5.795481973815609e-06,0.26666666666666666,0.23907300248018645,1.0,1.6911233892144742e-17,1.0,1.6911233892144742e-17,0.5,0.0008995776840176799
Critical Diversity,Brown,0.5333333333333333,0.0002933405491362055,0.6,2.366488472641374e-05,1.0,1.6911233892144742e-17,0.8,8.466416460035895e-10,0.6333333333333333,5.795481973815609e-06,0.8,8.466416460035895e-10,1.0,1.6911233892144742e-17,0.9,5.78702423789193e-13,0.8666666666666667,8.246509538996e-12,1.0,1.6911233892144742e-17,0.7333333333333333,4.326943555111202e-08,0.4,0.015643390496754332,1.0,1.6911233892144742e-17,1.0,1.6911233892144742e-17,0.4666666666666667,0.0025300622362698397
Critical Diversity,Discus,0.5,0.0008995776840176799,0.4666666666666667,0.0025300622362698397,1.0,1.6911233892144742e-17,0.7666666666666667,6.531235554884833e-09,0.43333333333333335,0.006548396368058784,0.7333333333333333,4.326943555111202e-08,1.0,1.6911233892144742e-17,0.9333333333333333,2.993288398909619e-14,0.7,2.5000118318420276e-07,1.0,1.6911233892144742e-17,0.43333333333333335,0.006548396368058784,0.13333333333333333,0.9578462903438838,1.0,1.6911233892144742e-17,1.0,1.6911233892144742e-17,0.4666666666666667,0.0025300622362698397
Critical Diversity,Ellipsoidal,0.7,2.5000118318420276e-07,0.2,0.5940706297759378,1.0,1.6911233892144742e-17,0.2,0.5940706297759378,0.2,0.5940706297759378,0.8,8.466416460035895e-10,1.0,1.6911233892144742e-17,0.7666666666666667,6.531235554884833e-09,0.7666666666666667,6.531235554884833e-09,1.0,1.6911233892144742e-17,0.13333333333333333,0.9578462903438838,0.1,0.9988393756362763,1.0,1.6911233892144742e-17,1.0,1.6911233892144742e-17,0.1,0.9988393756362763
Critical Diversity,Elliptic,0.6,2.366488472641374e-05,0.23333333333333334,0.39294501397971776,1.0,1.6911233892144742e-17,0.26666666666666666,0.23907300248018645,0.16666666666666666,0.8079631540901643,0.5333333333333333,0.0002933405491362055,1.0,1.6911233892144742e-17,0.6333333333333333,5.795481973815609e-06,0.5666666666666667,8.737803591291227e-05,1.0,1.6911233892144742e-17,0.16666666666666666,0.8079631540901643,0.2,0.5940706297759378,1.0,1.6911233892144742e-17,1.0,1.6911233892144742e-17,0.26666666666666666,0.23907300248018645
Critical Diversity,Exponential,0.6,2.366488472641374e-05,0.36666666666666664,0.034580084963334506,1.0,1.6911233892144742e-17,0.8,8.466416460035895e-10,0.6,2.366488472641374e-05,0.7333333333333333,4.326943555111202e-08,1.0,1.6911233892144742e-17,0.9666666666666667,1.0146740335286845e-15,0.9,5.78702423789193e-13,1.0,1.6911233892144742e-17,0.5333333333333333,0.0002933405491362055,0.3,0.13500350250095441,1.0,1.6911233892144742e-17,1.0,1.6911233892144742e-17,0.4666666666666667,0.0025300622362698397
Critical Diversity,Drop Wave,0.3333333333333333,0.07088798787114439,0.6666666666666666,1.2750060342394341e-06,1.0,1.6911233892144742e-17,1.0,1.6911233892144742e-17,0.8,8.466416460035895e-10,0.43333333333333335,0.006548396368058784,1.0,1.6911233892144742e-17,1.0,1.6911233892144742e-17,0.7333333333333333,4.326943555111202e-08,1.0,1.6911233892144742e-17,0.9333333333333333,2.993288398909619e-14,0.36666666666666664,0.034580084963334506,1.0,1.6911233892144742e-17,1.0,1.6911233892144742e-17,0.8,8.466416460035895e-10
Critical Diversity,Egg Crate,0.3,0.13500350250095441,0.2,0.5940706297759378,1.0,1.6911233892144742e-17,0.26666666666666666,0.23907300248018645,0.26666666666666666,0.23907300248018645,0.4,0.015643390496754332,1.0,1.6911233892144742e-17,0.23333333333333334,0.39294501397971776,0.43333333333333335,0.006548396368058784,1.0,1.6911233892144742e-17,0.4,0.015643390496754332,0.2,0.5940706297759378,1.0,1.6911233892144742e-17,1.0,1.6911233892144742e-17,0.4,0.015643390496754332
Critical Diversity,Price 2,0.5666666666666667,8.737803591291227e-05,0.9666666666666667,1.0146740335286845e-15,1.0,1.6911233892144742e-17,1.0,1.6911233892144742e-17,0.9666666666666667,1.0146740335286845e-15,0.9,5.78702423789193e-13,1.0,1.6911233892144742e-17,1.0,1.6911233892144742e-17,0.9333333333333333,2.993288398909619e-14,0.9666666666666667,1.0146740335286845e-15,0.8,8.466416460035895e-10,0.36666666666666664,0.034580084963334506,0.8666666666666667,8.246509538996e-12,0.9,5.78702423789193e-13,0.7,2.5000118318420276e-07
Critical Diversity,Mishra 1,0.3,0.13500350250095441,1.0,1.6911233892144742e-17,1.0,1.6911233892144742e-17,1.0,1.6911233892144742e-17,1.0,1.6911233892144742e-17,1.0,1.6911233892144742e-17,1.0,1.6911233892144742e-17,1.0,1.6911233892144742e-17,1.0,1.6911233892144742e-17,0.6666666666666666,1.2750060342394341e-06,0.6333333333333333,5.795481973815609e-06,0.3333333333333333,0.07088798787114439,1.0,1.6911233892144742e-17,0.8666666666666667,8.246509538996e-12,0.5,0.0008995776840176799
Critical Diversity,Needle Eye,0.7333333333333333,4.326943555111202e-08,0.4666666666666667,0.0025300622362698397,1.0,3.382246778428948e-17,0.7,2.5000118318420276e-07,0.6333333333333333,5.795481973815609e-06,0.8666666666666667,8.246509538996e-12,1.0,3.382246778428948e-17,1.0,1.6911233892144742e-17,0.9333333333333333,2.993288398909619e-14,1.0,3.382246778428948e-17,0.5333333333333333,0.0002933405491362055,0.3333333333333333,0.07088798787114439,1.0,3.382246778428948e-17,1.0,3.382246778428948e-17,0.26666666666666666,0.23907300248018645
Critical Diversity,Pinter,0.5666666666666667,8.737803591291227e-05,0.5,0.0008995776840176799,1.0,1.6911233892144742e-17,0.9333333333333333,2.993288398909619e-14,0.8,8.466416460035895e-10,0.7666666666666667,6.531235554884833e-09,1.0,1.6911233892144742e-17,1.0,1.6911233892144742e-17,0.9333333333333333,2.993288398909619e-14,1.0,1.6911233892144742e-17,0.8666666666666667,8.246509538996e-12,0.5,0.0008995776840176799,1.0,1.6911233892144742e-17,1.0,1.6911233892144742e-17,0.7,2.5000118318420276e-07
Critical Diversity,Qing,0.5333333333333333,0.0002933405491362055,0.6333333333333333,5.795481973815609e-06,1.0,1.6911233892144742e-17,0.9,5.78702423789193e-13,0.7,2.5000118318420276e-07,0.9,5.78702423789193e-13,1.0,1.6911233892144742e-17,0.9666666666666667,1.0146740335286845e-15,0.9333333333333333,2.993288398909619e-14,1.0,1.6911233892144742e-17,0.6,2.366488472641374e-05,0.26666666666666666,0.23907300248018645,1.0,1.6911233892144742e-17,1.0,1.6911233892144742e-17,0.5,0.0008995776840176799
Critical Diversity,Rosenbrock,0.6,2.366488472641374e-05,0.4666666666666667,0.0025300622362698397,1.0,1.6911233892144742e-17,0.9,5.78702423789193e-13,0.7666666666666667,6.531235554884833e-09,0.8,8.466416460035895e-10,1.0,1.6911233892144742e-17,1.0,1.6911233892144742e-17,0.9333333333333333,2.993288398909619e-14,1.0,1.6911233892144742e-17,0.7666666666666667,6.531235554884833e-09,0.3333333333333333,0.07088798787114439,1.0,1.6911233892144742e-17,1.0,1.6911233892144742e-17,0.7,2.5000118318420276e-07
Critical Diversity,Schwaffer 7,0.26666666666666666,0.23907300248018645,0.8,8.466416460035895e-10,1.0,1.6911233892144742e-17,1.0,1.6911233892144742e-17,1.0,1.6911233892144742e-17,0.6666666666666666,1.2750060342394341e-06,1.0,1.6911233892144742e-17,1.0,1.6911233892144742e-17,0.9,5.78702423789193e-13,1.0,1.6911233892144742e-17,0.7666666666666667,6.531235554884833e-09,0.4666666666666667,0.0025300622362698397,1.0,1.6911233892144742e-17,1.0,1.6911233892144742e-17,0.5333333333333333,0.0002933405491362055
Critical Diversity,Schwefel $1.2$,0.3333333333333333,0.07088798787114439,0.7666666666666667,6.531235554884833e-09,1.0,1.6911233892144742e-17,1.0,1.6911233892144742e-17,0.7666666666666667,6.531235554884833e-09,0.7666666666666667,6.531235554884833e-09,1.0,1.6911233892144742e-17,1.0,1.6911233892144742e-17,0.7666666666666667,6.531235554884833e-09,1.0,1.6911233892144742e-17,0.6,2.366488472641374e-05,0.3333333333333333,0.07088798787114439,0.9666666666666667,1.0146740335286845e-15,0.9333333333333333,2.993288398909619e-14,0.3333333333333333,0.07088798787114439
Critical Diversity,Step 3,0.4,0.015643390496754332,0.43333333333333335,0.006548396368058784,1.0,1.6911233892144742e-17,0.9,5.78702423789193e-13,0.4666666666666667,0.0025300622362698397,0.8,8.466416460035895e-10,1.0,1.6911233892144742e-17,0.9333333333333333,2.993288398909619e-14,0.8,8.466416460035895e-10,1.0,1.6911233892144742e-17,0.7666666666666667,6.531235554884833e-09,0.3333333333333333,0.07088798787114439,1.0,1.6911233892144742e-17,1.0,1.6911233892144742e-17,0.5333333333333333,0.0002933405491362055
Critical Diversity,Weierstrass,0.5333333333333333,0.0002933405491362055,0.43333333333333335,0.006548396368058784,1.0,1.6911233892144742e-17,0.43333333333333335,0.006548396368058784,0.26666666666666666,0.23907300248018645,0.7,2.5000118318420276e-07,1.0,1.6911233892144742e-17,0.7333333333333333,4.326943555111202e-08,0.4666666666666667,0.0025300622362698397,1.0,1.6911233892144742e-17,0.26666666666666666,0.23907300248018645,0.36666666666666664,0.034580084963334506,1.0,1.6911233892144742e-17,1.0,1.6911233892144742e-17,0.3,0.13500350250095441
FRoC Type A,Attractive Sector,0.26666666666666666,0.23907300248018645,0.2,0.5940706297759378,0.5,0.0008995776840176799,0.6666666666666666,1.2750060342394341e-06,0.2,0.5940706297759378,0.23333333333333334,0.39294501397971776,0.7,2.5000118318420276e-07,0.8666666666666667,8.246509538996e-12,0.36666666666666664,0.034580084963334506,0.5666666666666667,8.737803591291227e-05,0.8,8.466416460035895e-10,0.3333333333333333,0.07088798787114439,0.9,5.78702423789193e-13,0.6,2.366488472641374e-05,0.5333333333333333,0.0002933405491362055
FRoC Type A,Brown,0.36666666666666664,0.034580084963334506,0.36666666666666664,0.034580084963334506,0.5666666666666667,8.737803591291227e-05,0.36666666666666664,0.034580084963334506,0.23333333333333334,0.39294501397971776,0.2,0.5940706297759378,0.36666666666666664,0.034580084963334506,0.6333333333333333,5.795481973815609e-06,0.5333333333333333,0.0002933405491362055,0.5333333333333333,0.0002933405491362055,0.6333333333333333,5.795481973815609e-06,0.5,0.0008995776840176799,0.8333333333333334,9.236090683675521e-11,0.7333333333333333,4.326943555111202e-08,0.5333333333333333,0.0002933405491362055
FRoC Type A,Discus,0.36666666666666664,0.034580084963334506,0.23333333333333334,0.39294501397971776,0.16666666666666666,0.8079631540901643,0.2,0.5940706297759378,0.2,0.5940706297759378,0.3,0.13500350250095441,0.43333333333333335,0.006548396368058784,0.23333333333333334,0.39294501397971776,0.23333333333333334,0.39294501397971776,0.23333333333333334,0.39294501397971776,0.16666666666666666,0.8079631540901643,0.3,0.13500350250095441,0.23333333333333334,0.39294501397971776,0.23333333333333334,0.39294501397971776,0.26666666666666666,0.23907300248018645
FRoC Type A,Ellipsoidal,0.4666666666666667,0.0025300622362698397,0.36666666666666664,0.034580084963334506,0.23333333333333334,0.39294501397971776,0.5,0.0008995776840176799,0.4666666666666667,0.0025300622362698397,0.23333333333333334,0.39294501397971776,0.43333333333333335,0.006548396368058784,0.3,0.13500350250095441,0.13333333333333333,0.9578462903438838,0.26666666666666666,0.23907300248018645,0.3,0.13500350250095441,0.3333333333333333,0.07088798787114439,0.5,0.0008995776840176799,0.5333333333333333,0.0002933405491362055,0.26666666666666666,0.23907300248018645
FRoC Type A,Elliptic,0.13333333333333333,0.9578462903438838,0.4,0.015643390496754332,0.5,0.0008995776840176799,0.13333333333333333,0.9578462903438838,0.23333333333333334,0.39294501397971776,0.3,0.13500350250095441,0.36666666666666664,0.034580084963334506,0.16666666666666666,0.8079631540901643,0.16666666666666666,0.8079631540901643,0.23333333333333334,0.39294501397971776,0.36666666666666664,0.034580084963334506,0.26666666666666666,0.23907300248018645,0.43333333333333335,0.006548396368058784,0.3,0.13500350250095441,0.23333333333333334,0.39294501397971776
FRoC Type A,Exponential,0.13333333333333333,0.9578462903438838,0.1,0.9988393756362763,0.43333333333333335,0.006548396368058784,0.7,2.5000118318420276e-07,0.26666666666666666,0.23907300248018645,0.13333333333333333,0.9578462903438838,0.4666666666666667,0.0025300622362698397,0.7666666666666667,6.531235554884833e-09,0.26666666666666666,0.23907300248018645,0.5,0.0008995776840176799,0.6666666666666666,1.2750060342394341e-06,0.26666666666666666,0.23907300248018645,0.7333333333333333,4.326943555111202e-08,0.6333333333333333,5.795481973815609e-06,0.5333333333333333,0.0002933405491362055
FRoC Type A,Drop Wave,0.13333333333333333,0.9578462903438838,0.36666666666666664,0.034580084963334506,0.6333333333333333,5.795481973815609e-06,0.8,8.466416460035895e-10,0.43333333333333335,0.006548396368058784,0.26666666666666666,0.23907300248018645,0.6,2.366488472641374e-05,0.6666666666666666,1.2750060342394341e-06,0.4,0.015643390496754332,0.6666666666666666,1.2750060342394341e-06,0.7,2.5000118318420276e-07,0.36666666666666664,0.034580084963334506,0.6,2.366488472641374e-05,0.6666666666666666,1.2750060342394341e-06,0.5666666666666667,8.737803591291227e-05
FRoC Type A,Egg Crate,0.43333333333333335,0.006548396368058784,0.6333333333333333,5.795481973815609e-06,0.4666666666666667,0.0025300622362698397,0.8666666666666667,8.246509538996e-12,0.5666666666666667,8.737803591291227e-05,0.7666666666666667,6.531235554884833e-09,0.3,0.13500350250095441,0.9333333333333333,2.993288398909619e-14,0.8666666666666667,8.246509538996e-12,0.5333333333333333,0.0002933405491362055,0.6,2.366488472641374e-05,0.16666666666666666,0.8079631540901643,0.6666666666666666,1.2750060342394341e-06,0.6333333333333333,5.795481973815609e-06,0.5,0.0008995776840176799
FRoC Type A,Price 2,0.36666666666666664,0.034580084963334506,0.7,2.5000118318420276e-07,0.5,0.0008995776840176799,0.5333333333333333,0.0002933405491362055,0.7,2.5000118318420276e-07,0.8,8.466416460035895e-10,0.5666666666666667,8.737803591291227e-05,0.7333333333333333,4.326943555111202e-08,0.8333333333333334,9.236090683675521e-11,0.36666666666666664,0.034580084963334506,0.36666666666666664,0.034580084963334506,0.1,0.9988393756362763,0.43333333333333335,0.006548396368058784,0.4,0.015643390496754332,0.3333333333333333,0.07088798787114439
FRoC Type A,Mishra 1,0.43333333333333335,0.006548396368058784,0.36666666666666664,0.034580084963334506,0.5666666666666667,8.737803591291227e-05,0.4666666666666667,0.0025300622362698397,0.4,0.015643390496754332,0.43333333333333335,0.006548396368058784,0.23333333333333334,0.39294501397971776,0.6,2.366488472641374e-05,0.4,0.015643390496754332,0.4666666666666667,0.0025300622362698397,0.23333333333333334,0.39294501397971776,0.16666666666666666,0.8079631540901643,0.6333333333333333,5.795481973815609e-06,0.5,0.0008995776840176799,0.3333333333333333,0.07088798787114439
FRoC Type A,Needle Eye,0.8666666666666667,8.246509538996e-12,0.5,0.0008995776840176799,0.5218390804597701,0.00041243236587299847,0.6,2.366488472641374e-05,0.6,2.366488472641374e-05,0.9666666666666667,1.0146740335286845e-15,0.8620689655172413,1.539348447279253e-11,1.0,1.6911233892144742e-17,1.0,1.6911233892144742e-17,0.4885057471264368,0.0011861391323750748,0.23333333333333334,0.39294501397971776,0.2,0.5940706297759378,0.5218390804597701,0.00041243236587299847,0.45057471264367815,0.0036659123730445682,0.3333333333333333,0.07088798787114439
FRoC Type A,Pinter,0.36666666666666664,0.034580084963334506,0.5333333333333333,0.0002933405491362055,0.7,2.5000118318420276e-07,0.7666666666666667,6.531235554884833e-09,0.6,2.366488472641374e-05,0.7333333333333333,4.326943555111202e-08,0.43333333333333335,0.006548396368058784,0.8666666666666667,8.246509538996e-12,0.8,8.466416460035895e-10,0.7666666666666667,6.531235554884833e-09,0.43333333333333335,0.006548396368058784,0.26666666666666666,0.23907300248018645,0.8,8.466416460035895e-10,0.7333333333333333,4.326943555111202e-08,0.4666666666666667,0.0025300622362698397
FRoC Type A,Qing,0.5666666666666667,8.737803591291227e-05,0.36666666666666664,0.034580084963334506,0.3333333333333333,0.07088798787114439,0.5,0.0008995776840176799,0.4666666666666667,0.0025300622362698397,0.6,2.366488472641374e-05,0.7666666666666667,6.531235554884833e-09,0.3,0.13500350250095441,0.3333333333333333,0.07088798787114439,0.3333333333333333,0.07088798787114439,0.43333333333333335,0.006548396368058784,0.4,0.015643390496754332,0.6,2.366488472641374e-05,0.5666666666666667,8.737803591291227e-05,0.23333333333333334,0.39294501397971776
FRoC Type A,Rosenbrock,0.7666666666666667,6.531235554884833e-09,0.36666666666666664,0.034580084963334506,0.1,0.9988393756362763,0.3,0.13500350250095441,0.5333333333333333,0.0002933405491362055,0.8,8.466416460035895e-10,0.8,8.466416460035895e-10,0.8,8.466416460035895e-10,0.7333333333333333,4.326943555111202e-08,0.36666666666666664,0.034580084963334506,0.13333333333333333,0.9578462903438838,0.26666666666666666,0.23907300248018645,0.3333333333333333,0.07088798787114439,0.5,0.0008995776840176799,0.23333333333333334,0.39294501397971776
FRoC Type A,Schwaffer 7,0.4666666666666667,0.0025300622362698397,0.23333333333333334,0.39294501397971776,0.23333333333333334,0.39294501397971776,0.36666666666666664,0.034580084963334506,0.23333333333333334,0.39294501397971776,0.3,0.13500350250095441,0.4666666666666667,0.0025300622362698397,0.13333333333333333,0.9578462903438838,0.26666666666666666,0.23907300248018645,0.26666666666666666,0.23907300248018645,0.2,0.5940706297759378,0.1,0.9988393756362763,0.4,0.015643390496754332,0.23333333333333334,0.39294501397971776,0.2,0.5940706297759378
FRoC Type A,Schwefel $1.2$,0.23333333333333334,0.39294501397971776,0.23333333333333334,0.39294501397971776,0.3,0.13500350250095441,0.26666666666666666,0.23907300248018645,0.26666666666666666,0.23907300248018645,0.23333333333333334,0.39294501397971776,0.4,0.015643390496754332,0.23333333333333334,0.39294501397971776,0.26666666666666666,0.23907300248018645,0.3,0.13500350250095441,0.3333333333333333,0.07088798787114439,0.13333333333333333,0.9578462903438838,0.4666666666666667,0.0025300622362698397,0.2,0.5940706297759378,0.36666666666666664,0.034580084963334506
FRoC Type A,Step 3,0.5666666666666667,8.737803591291227e-05,0.26666666666666666,0.23907300248018645,0.43333333333333335,0.006548396368058784,0.7333333333333333,4.326943555111202e-08,0.5,0.0008995776840176799,0.3333333333333333,0.07088798787114439,0.7333333333333333,4.326943555111202e-08,0.6666666666666666,1.2750060342394341e-06,0.3,0.13500350250095441,0.6,2.366488472641374e-05,0.6333333333333333,5.795481973815609e-06,0.26666666666666666,0.23907300248018645,0.8333333333333334,9.236090683675521e-11,0.7,2.5000118318420276e-07,0.6,2.366488472641374e-05
FRoC Type A,Weierstrass,0.23333333333333334,0.39294501397971776,0.3333333333333333,0.07088798787114439,0.3,0.13500350250095441,0.7,2.5000118318420276e-07,0.4666666666666667,0.0025300622362698397,0.5,0.0008995776840176799,0.4,0.015643390496754332,0.9,5.78702423789193e-13,0.6666666666666666,1.2750060342394341e-06,0.5666666666666667,8.737803591291227e-05,0.6666666666666666,1.2750060342394341e-06,0.36666666666666664,0.034580084963334506,0.8,8.466416460035895e-10,0.6333333333333333,5.795481973815609e-06,0.43333333333333335,0.006548396368058784
FRoC Type B,Attractive Sector,0.26666666666666666,0.23907300248018645,0.6333333333333333,5.795481973815609e-06,0.7333333333333333,4.326943555111202e-08,0.6333333333333333,5.795481973815609e-06,0.7,2.5000118318420276e-07,0.8,8.466416460035895e-10,0.8,8.466416460035895e-10,0.7666666666666667,6.531235554884833e-09,0.8333333333333334,9.236090683675521e-11,0.7,2.5000118318420276e-07,0.43333333333333335,0.006548396368058784,0.23333333333333334,0.39294501397971776,0.6,2.366488472641374e-05,0.7,2.5000118318420276e-07,0.3333333333333333,0.07088798787114439
FRoC Type B,Brown,0.3,0.13500350250095441,0.36666666666666664,0.034580084963334506,0.6,2.366488472641374e-05,0.8333333333333334,9.236090683675521e-11,0.6,2.366488472641374e-05,0.43333333333333335,0.006548396368058784,0.6,2.366488472641374e-05,0.8666666666666667,8.246509538996e-12,0.6,2.366488472641374e-05,0.4666666666666667,0.0025300622362698397,0.8,8.466416460035895e-10,0.3,0.13500350250095441,0.36666666666666664,0.034580084963334506,0.4,0.015643390496754332,0.7333333333333333,4.326943555111202e-08
FRoC Type B,Discus,0.36666666666666664,0.034580084963334506,0.26666666666666666,0.23907300248018645,0.36666666666666664,0.034580084963334506,0.4,0.015643390496754332,0.4,0.015643390496754332,0.2,0.5940706297759378,0.36666666666666664,0.034580084963334506,0.5666666666666667,8.737803591291227e-05,0.5,0.0008995776840176799,0.26666666666666666,0.23907300248018645,0.43333333333333335,0.006548396368058784,0.43333333333333335,0.006548396368058784,0.26666666666666666,0.23907300248018645,0.23333333333333334,0.39294501397971776,0.16666666666666666,0.8079631540901643
FRoC Type B,Ellipsoidal,0.5666666666666667,8.737803591291227e-05,0.26666666666666666,0.23907300248018645,0.6,2.366488472641374e-05,0.7666666666666667,6.531235554884833e-09,0.5333333333333333,0.0002933405491362055,0.6666666666666666,1.2750060342394341e-06,0.6333333333333333,5.795481973815609e-06,0.8666666666666667,8.246509538996e-12,0.7666666666666667,6.531235554884833e-09,0.5333333333333333,0.0002933405491362055,0.6,2.366488472641374e-05,0.3,0.13500350250095441,0.5333333333333333,0.0002933405491362055,0.5666666666666667,8.737803591291227e-05,0.4,0.015643390496754332
FRoC Type B,Elliptic,0.3,0.13500350250095441,0.3333333333333333,0.07088798787114439,0.6666666666666666,1.2750060342394341e-06,0.6333333333333333,5.795481973815609e-06,0.36666666666666664,0.034580084963334506,0.4666666666666667,0.0025300622362698397,0.6666666666666666,1.2750060342394341e-06,0.6666666666666666,1.2750060342394341e-06,0.43333333333333335,0.006548396368058784,0.6333333333333333,5.795481973815609e-06,0.4,0.015643390496754332,0.13333333333333333,0.9578462903438838,0.4,0.015643390496754332,0.5333333333333333,0.0002933405491362055,0.36666666666666664,0.034580084963334506
FRoC Type B,Exponential,0.5333333333333333,0.0002933405491362055,0.5333333333333333,0.0002933405491362055,0.7333333333333333,4.326943555111202e-08,0.7,2.5000118318420276e-07,0.6,2.366488472641374e-05,0.8,8.466416460035895e-10,0.7666666666666667,6.531235554884833e-09,0.8666666666666667,8.246509538996e-12,0.8666666666666667,8.246509538996e-12,0.6666666666666666,1.2750060342394341e-06,0.36666666666666664,0.034580084963334506,0.16666666666666666,0.8079631540901643,0.6,2.366488472641374e-05,0.6666666666666666,1.2750060342394341e-06,0.4,0.015643390496754332
FRoC Type B,Drop Wave,0.2,0.5940706297759378,0.5333333333333333,0.0002933405491362055,0.36666666666666664,0.034580084963334506,0.5333333333333333,0.0002933405491362055,0.6666666666666666,1.2750060342394341e-06,0.5333333333333333,0.0002933405491362055,0.4,0.015643390496754332,0.5666666666666667,8.737803591291227e-05,0.7333333333333333,4.326943555111202e-08,0.4,0.015643390496754332,0.36666666666666664,0.034580084963334506,0.23333333333333334,0.39294501397971776,0.43333333333333335,0.006548396368058784,0.4666666666666667,0.0025300622362698397,0.26666666666666666,0.23907300248018645
FRoC Type B,Egg Crate,0.2,0.5940706297759378,0.3,0.13500350250095441,0.4666666666666667,0.0025300622362698397,0.6666666666666666,1.2750060342394341e-06,0.5333333333333333,0.0002933405491362055,0.16666666666666666,0.8079631540901643,0.36666666666666664,0.034580084963334506,0.5666666666666667,8.737803591291227e-05,0.36666666666666664,0.034580084963334506,0.36666666666666664,0.034580084963334506,0.6333333333333333,5.795481973815609e-06,0.26666666666666666,0.23907300248018645,0.43333333333333335,0.006548396368058784,0.4,0.015643390496754332,0.43333333333333335,0.006548396368058784
FRoC Type B,Price 2,0.16666666666666666,0.8079631540901643,0.7,2.5000118318420276e-07,0.43333333333333335,0.006548396368058784,0.6666666666666666,1.2750060342394341e-06,0.6,2.366488472641374e-05,0.8,8.466416460035895e-10,0.4666666666666667,0.0025300622362698397,0.7666666666666667,6.531235554884833e-09,0.7333333333333333,4.326943555111202e-08,0.4,0.015643390496754332,0.2,0.5940706297759378,0.2,0.5940706297759378,0.43333333333333335,0.006548396368058784,0.36666666666666664,0.034580084963334506,0.23333333333333334,0.39294501397971776
FRoC Type B,Mishra 1,0.16666666666666666,0.8079631540901643,0.8666666666666667,8.246509538996e-12,0.7333333333333333,4.326943555111202e-08,0.8666666666666667,8.246509538996e-12,0.8,8.466416460035895e-10,0.8,8.466416460035895e-10,0.7333333333333333,4.326943555111202e-08,0.8666666666666667,8.246509538996e-12,0.8,8.466416460035895e-10,0.36666666666666664,0.034580084963334506,0.13333333333333333,0.9578462903438838,0.26666666666666666,0.23907300248018645,0.43333333333333335,0.006548396368058784,0.3333333333333333,0.07088798787114439,0.16666666666666666,0.8079631540901643
FRoC Type B,Needle Eye,0.8333333333333334,9.236090683675521e-11,0.5333333333333333,0.0002933405491362055,0.7298850574712644,3.643916728895292e-08,0.43333333333333335,0.006548396368058784,0.6333333333333333,5.795481973815609e-06,0.9333333333333333,2.993288398909619e-14,0.38275862068965516,0.02130772984559827,0.9333333333333333,2.993288398909619e-14,1.0,1.6911233892144742e-17,0.8988505747126436,5.787024237891927e-13,0.5666666666666667,8.737803591291227e-05,0.26666666666666666,0.23907300248018645,0.8988505747126436,5.787024237891927e-13,0.9655172413793104,1.9955255992730804e-15,0.6333333333333333,5.795481973815609e-06
FRoC Type B,Pinter,0.3,0.13500350250095441,0.26666666666666666,0.23907300248018645,0.4666666666666667,0.0025300622362698397,0.4666666666666667,0.0025300622362698397,0.3333333333333333,0.07088798787114439,0.43333333333333335,0.006548396368058784,0.4666666666666667,0.0025300622362698397,0.6666666666666666,1.2750060342394341e-06,0.5,0.0008995776840176799,0.5,0.0008995776840176799,0.6,2.366488472641374e-05,0.36666666666666664,0.034580084963334506,0.36666666666666664,0.034580084963334506,0.5,0.0008995776840176799,0.5,0.0008995776840176799
FRoC Type B,Qing,0.36666666666666664,0.034580084963334506,0.4666666666666667,0.0025300622362698397,0.6,2.366488472641374e-05,0.7,2.5000118318420276e-07,0.5,0.0008995776840176799,0.6666666666666666,1.2750060342394341e-06,0.6666666666666666,1.2750060342394341e-06,0.8333333333333334,9.236090683675521e-11,0.7333333333333333,4.326943555111202e-08,0.6,2.366488472641374e-05,0.7,2.5000118318420276e-07,0.16666666666666666,0.8079631540901643,0.43333333333333335,0.006548396368058784,0.5666666666666667,8.737803591291227e-05,0.6666666666666666,1.2750060342394341e-06
FRoC Type B,Rosenbrock,0.5,0.0008995776840176799,0.2,0.5940706297759378,0.6666666666666666,1.2750060342394341e-06,0.6,2.366488472641374e-05,0.2,0.5940706297759378,0.4666666666666667,0.0025300622362698397,0.7333333333333333,4.326943555111202e-08,0.7,2.5000118318420276e-07,0.5,0.0008995776840176799,0.6,2.366488472641374e-05,0.6,2.366488472641374e-05,0.26666666666666666,0.23907300248018645,0.4666666666666667,0.0025300622362698397,0.5666666666666667,8.737803591291227e-05,0.6,2.366488472641374e-05
FRoC Type B,Schwaffer 7,0.2,0.5940706297759378,0.3,0.13500350250095441,0.4,0.015643390496754332,0.5,0.0008995776840176799,0.3333333333333333,0.07088798787114439,0.36666666666666664,0.034580084963334506,0.3,0.13500350250095441,0.5666666666666667,8.737803591291227e-05,0.4,0.015643390496754332,0.4,0.015643390496754332,0.3333333333333333,0.07088798787114439,0.2,0.5940706297759378,0.5333333333333333,0.0002933405491362055,0.4,0.015643390496754332,0.23333333333333334,0.39294501397971776
FRoC Type B,Schwefel $1.2$,0.2,0.5940706297759378,0.4666666666666667,0.0025300622362698397,0.7,2.5000118318420276e-07,0.7333333333333333,4.326943555111202e-08,0.6,2.366488472641374e-05,0.36666666666666664,0.034580084963334506,0.7,2.5000118318420276e-07,0.6666666666666666,1.2750060342394341e-06,0.5333333333333333,0.0002933405491362055,0.6666666666666666,1.2750060342394341e-06,0.36666666666666664,0.034580084963334506,0.2,0.5940706297759378,0.5666666666666667,8.737803591291227e-05,0.6666666666666666,1.2750060342394341e-06,0.36666666666666664,0.034580084963334506
FRoC Type B,Step 3,0.5,0.0008995776840176799,0.4,0.015643390496754332,0.7666666666666667,6.531235554884833e-09,0.5666666666666667,8.737803591291227e-05,0.6333333333333333,5.795481973815609e-06,0.8666666666666667,8.246509538996e-12,0.8666666666666667,8.246509538996e-12,0.9,5.78702423789193e-13,0.8666666666666667,8.246509538996e-12,0.8,8.466416460035895e-10,0.3333333333333333,0.07088798787114439,0.43333333333333335,0.006548396368058784,0.6333333333333333,5.795481973815609e-06,0.6666666666666666,1.2750060342394341e-06,0.23333333333333334,0.39294501397971776
FRoC Type B,Weierstrass,0.36666666666666664,0.034580084963334506,0.4666666666666667,0.0025300622362698397,0.5333333333333333,0.0002933405491362055,0.5,0.0008995776840176799,0.4,0.015643390496754332,0.7333333333333333,4.326943555111202e-08,0.5666666666666667,8.737803591291227e-05,0.7,2.5000118318420276e-07,0.6333333333333333,5.795481973815609e-06,0.43333333333333335,0.006548396368058784,0.2,0.5940706297759378,0.2,0.5940706297759378,0.43333333333333335,0.006548396368058784,0.43333333333333335,0.006548396368058784,0.23333333333333334,0.39294501397971776
ERT Fitness,Attractive Sector,0.23333333333333334,0.39294501397971776,0.23333333333333334,0.39294501397971776,0.5333333333333333,0.0002933405491362055,0.6666666666666666,1.2750060342394341e-06,0.2,0.5940706297759378,0.3,0.13500350250095441,0.7,2.5000118318420276e-07,0.8666666666666667,8.246509538996e-12,0.3333333333333333,0.07088798787114439,0.5666666666666667,8.737803591291227e-05,0.8333333333333334,9.236090683675521e-11,0.3333333333333333,0.07088798787114439,0.9,5.78702423789193e-13,0.6666666666666666,1.2750060342394341e-06,0.5666666666666667,8.737803591291227e-05
ERT Fitness,Brown,0.3333333333333333,0.07088798787114439,0.3333333333333333,0.07088798787114439,0.5333333333333333,0.0002933405491362055,0.43333333333333335,0.006548396368058784,0.23333333333333334,0.39294501397971776,0.2,0.5940706297759378,0.36666666666666664,0.034580084963334506,0.6333333333333333,5.795481973815609e-06,0.5333333333333333,0.0002933405491362055,0.5,0.0008995776840176799,0.6333333333333333,5.795481973815609e-06,0.5,0.0008995776840176799,0.7666666666666667,6.531235554884833e-09,0.7,2.5000118318420276e-07,0.5,0.0008995776840176799
ERT Fitness,Discus,0.36666666666666664,0.034580084963334506,0.26666666666666666,0.23907300248018645,0.13333333333333333,0.9578462903438838,0.2,0.5940706297759378,0.2,0.5940706297759378,0.3,0.13500350250095441,0.43333333333333335,0.006548396368058784,0.23333333333333334,0.39294501397971776,0.23333333333333334,0.39294501397971776,0.23333333333333334,0.39294501397971776,0.16666666666666666,0.8079631540901643,0.3333333333333333,0.07088798787114439,0.23333333333333334,0.39294501397971776,0.23333333333333334,0.39294501397971776,0.3,0.13500350250095441
ERT Fitness,Ellipsoidal,0.43333333333333335,0.006548396368058784,0.4,0.015643390496754332,0.16666666666666666,0.8079631540901643,0.5,0.0008995776840176799,0.5333333333333333,0.0002933405491362055,0.23333333333333334,0.39294501397971776,0.4666666666666667,0.0025300622362698397,0.36666666666666664,0.034580084963334506,0.23333333333333334,0.39294501397971776,0.3333333333333333,0.07088798787114439,0.3333333333333333,0.07088798787114439,0.3333333333333333,0.07088798787114439,0.5,0.0008995776840176799,0.6,2.366488472641374e-05,0.26666666666666666,0.23907300248018645
ERT Fitness,Elliptic,0.2,0.5940706297759378,0.43333333333333335,0.006548396368058784,0.5,0.0008995776840176799,0.16666666666666666,0.8079631540901643,0.26666666666666666,0.23907300248018645,0.3333333333333333,0.07088798787114439,0.43333333333333335,0.006548396368058784,0.2,0.5940706297759378,0.2,0.5940706297759378,0.23333333333333334,0.39294501397971776,0.43333333333333335,0.006548396368058784,0.23333333333333334,0.39294501397971776,0.43333333333333335,0.006548396368058784,0.3,0.13500350250095441,0.26666666666666666,0.23907300248018645
ERT Fitness,Exponential,0.13333333333333333,0.9578462903438838,0.1,0.9988393756362763,0.5,0.0008995776840176799,0.7333333333333333,4.326943555111202e-08,0.26666666666666666,0.23907300248018645,0.16666666666666666,0.8079631540901643,0.5666666666666667,8.737803591291227e-05,0.6,2.366488472641374e-05,0.2,0.5940706297759378,0.5,0.0008995776840176799,0.6666666666666666,1.2750060342394341e-06,0.26666666666666666,0.23907300248018645,0.8,8.466416460035895e-10,0.7,2.5000118318420276e-07,0.5333333333333333,0.0002933405491362055
ERT Fitness,Drop Wave,0.16666666666666666,0.8079631540901643,0.5,0.0008995776840176799,0.5666666666666667,8.737803591291227e-05,0.8666666666666667,8.246509538996e-12,0.6333333333333333,5.795481973815609e-06,0.4,0.015643390496754332,0.4666666666666667,0.0025300622362698397,0.7666666666666667,6.531235554884833e-09,0.5666666666666667,8.737803591291227e-05,0.5333333333333333,0.0002933405491362055,0.7666666666666667,6.531235554884833e-09,0.4,0.015643390496754332,0.36666666666666664,0.034580084963334506,0.4666666666666667,0.0025300622362698397,0.6333333333333333,5.795481973815609e-06
ERT Fitness,Egg Crate,0.5,0.0008995776840176799,0.7333333333333333,4.326943555111202e-08,0.5666666666666667,8.737803591291227e-05,0.9,5.78702423789193e-13,0.7333333333333333,4.326943555111202e-08,0.8,8.466416460035895e-10,0.4,0.015643390496754332,0.9333333333333333,2.993288398909619e-14,0.9,5.78702423789193e-13,0.6666666666666666,1.2750060342394341e-06,0.6,2.366488472641374e-05,0.2,0.5940706297759378,0.7333333333333333,4.326943555111202e-08,0.6666666666666666,1.2750060342394341e-06,0.5,0.0008995776840176799
ERT Fitness,Price 2,0.23333333333333334,0.39294501397971776,0.6666666666666666,1.2750060342394341e-06,0.43333333333333335,0.006548396368058784,0.4666666666666667,0.0025300622362698397,0.6666666666666666,1.2750060342394341e-06,0.7666666666666667,6.531235554884833e-09,0.4666666666666667,0.0025300622362698397,0.6333333333333333,5.795481973815609e-06,0.7666666666666667,6.531235554884833e-09,0.4666666666666667,0.0025300622362698397,0.5,0.0008995776840176799,0.13333333333333333,0.9578462903438838,0.4,0.015643390496754332,0.43333333333333335,0.006548396368058784,0.43333333333333335,0.006548396368058784
ERT Fitness,Mishra 1,0.5,0.0008995776840176799,0.3333333333333333,0.07088798787114439,0.6,2.366488472641374e-05,0.4666666666666667,0.0025300622362698397,0.43333333333333335,0.006548396368058784,0.4,0.015643390496754332,0.26666666666666666,0.23907300248018645,0.6333333333333333,5.795481973815609e-06,0.43333333333333335,0.006548396368058784,0.4666666666666667,0.0025300622362698397,0.26666666666666666,0.23907300248018645,0.13333333333333333,0.9578462903438838,0.6,2.366488472641374e-05,0.5,0.0008995776840176799,0.36666666666666664,0.034580084963334506
ERT Fitness,Needle Eye,0.5333333333333333,0.0002933405491362055,0.16666666666666666,0.8079631540901643,0.41724137931034483,0.009117108591633392,0.2,0.5940706297759378,0.3333333333333333,0.07088798787114439,0.6333333333333333,5.795481973815609e-06,0.3839080459770115,0.020789011418859932,0.5666666666666667,8.737803591291227e-05,0.4666666666666667,0.0025300622362698397,0.4908045977011494,0.0010038038173781545,0.3,0.13500350250095441,0.4,0.015643390496754332,0.4885057471264368,0.0011861391323750748,0.41724137931034483,0.009117108591633392,0.16666666666666666,0.8079631540901643
ERT Fitness,Pinter,0.43333333333333335,0.006548396368058784,0.4666666666666667,0.0025300622362698397,0.7666666666666667,6.531235554884833e-09,0.8333333333333334,9.236090683675521e-11,0.6,2.366488472641374e-05,0.7,2.5000118318420276e-07,0.6333333333333333,5.795481973815609e-06,0.8666666666666667,8.246509538996e-12,0.8,8.466416460035895e-10,0.8,8.466416460035895e-10,0.5,0.0008995776840176799,0.3,0.13500350250095441,0.8,8.466416460035895e-10,0.7666666666666667,6.531235554884833e-09,0.4666666666666667,0.0025300622362698397
ERT Fitness,Qing,0.5666666666666667,8.737803591291227e-05,0.36666666666666664,0.034580084963334506,0.3,0.13500350250095441,0.5,0.0008995776840176799,0.5333333333333333,0.0002933405491362055,0.5666666666666667,8.737803591291227e-05,0.8,8.466416460035895e-10,0.26666666666666666,0.23907300248018645,0.26666666666666666,0.23907300248018645,0.4,0.015643390496754332,0.4,0.015643390496754332,0.4,0.015643390496754332,0.6,2.366488472641374e-05,0.6333333333333333,5.795481973815609e-06,0.23333333333333334,0.39294501397971776
ERT Fitness,Rosenbrock,0.7666666666666667,6.531235554884833e-09,0.36666666666666664,0.034580084963334506,0.2,0.5940706297759378,0.3,0.13500350250095441,0.5333333333333333,0.0002933405491362055,0.7333333333333333,4.326943555111202e-08,0.8,8.466416460035895e-10,0.7333333333333333,4.326943555111202e-08,0.7,2.5000118318420276e-07,0.36666666666666664,0.034580084963334506,0.13333333333333333,0.9578462903438838,0.23333333333333334,0.39294501397971776,0.36666666666666664,0.034580084963334506,0.5,0.0008995776840176799,0.23333333333333334,0.39294501397971776
ERT Fitness,Schwaffer 7,0.43333333333333335,0.006548396368058784,0.2,0.5940706297759378,0.3,0.13500350250095441,0.3,0.13500350250095441,0.23333333333333334,0.39294501397971776,0.3333333333333333,0.07088798787114439,0.4666666666666667,0.0025300622362698397,0.2,0.5940706297759378,0.26666666666666666,0.23907300248018645,0.3,0.13500350250095441,0.2,0.5940706297759378,0.16666666666666666,0.8079631540901643,0.36666666666666664,0.034580084963334506,0.3,0.13500350250095441,0.13333333333333333,0.9578462903438838
ERT Fitness,Schwefel $1.2$,0.23333333333333334,0.39294501397971776,0.23333333333333334,0.39294501397971776,0.3333333333333333,0.07088798787114439,0.23333333333333334,0.39294501397971776,0.26666666666666666,0.23907300248018645,0.23333333333333334,0.39294501397971776,0.5,0.0008995776840176799,0.23333333333333334,0.39294501397971776,0.26666666666666666,0.23907300248018645,0.36666666666666664,0.034580084963334506,0.3333333333333333,0.07088798787114439,0.13333333333333333,0.9578462903438838,0.5,0.0008995776840176799,0.36666666666666664,0.034580084963334506,0.4,0.015643390496754332
ERT Fitness,Step 3,0.5666666666666667,8.737803591291227e-05,0.3,0.13500350250095441,0.5333333333333333,0.0002933405491362055,0.7666666666666667,6.531235554884833e-09,0.5333333333333333,0.0002933405491362055,0.36666666666666664,0.034580084963334506,0.7666666666666667,6.531235554884833e-09,0.6666666666666666,1.2750060342394341e-06,0.2,0.5940706297759378,0.6333333333333333,5.795481973815609e-06,0.6666666666666666,1.2750060342394341e-06,0.26666666666666666,0.23907300248018645,0.8666666666666667,8.246509538996e-12,0.8,8.466416460035895e-10,0.6333333333333333,5.795481973815609e-06
ERT Fitness,Weierstrass,0.2,0.5940706297759378,0.3333333333333333,0.07088798787114439,0.3333333333333333,0.07088798787114439,0.7666666666666667,6.531235554884833e-09,0.4666666666666667,0.0025300622362698397,0.5,0.0008995776840176799,0.43333333333333335,0.006548396368058784,0.9333333333333333,2.993288398909619e-14,0.6666666666666666,1.2750060342394341e-06,0.5666666666666667,8.737803591291227e-05,0.7666666666666667,6.531235554884833e-09,0.4,0.015643390496754332,0.8,8.466416460035895e-10,0.6,2.366488472641374e-05,0.4,0.015643390496754332
Critical Fitness,Attractive Sector,0.26666666666666666,0.23907300248018645,0.6333333333333333,5.795481973815609e-06,1.0,1.6911233892144742e-17,0.6333333333333333,5.795481973815609e-06,0.7,2.5000118318420276e-07,0.7,2.5000118318420276e-07,0.9666666666666667,1.0146740335286845e-15,0.6333333333333333,5.795481973815609e-06,0.7333333333333333,4.326943555111202e-08,1.0,1.6911233892144742e-17,0.4,0.015643390496754332,0.2,0.5940706297759378,1.0,1.6911233892144742e-17,1.0,1.6911233892144742e-17,0.3333333333333333,0.07088798787114439
Critical Fitness,Brown,0.23333333333333334,0.39294501397971776,0.36666666666666664,0.034580084963334506,0.9333333333333333,2.993288398909619e-14,0.8333333333333334,9.236090683675521e-11,0.6,2.366488472641374e-05,0.4,0.015643390496754332,0.8333333333333334,9.236090683675521e-11,0.8,8.466416460035895e-10,0.5666666666666667,8.737803591291227e-05,0.9666666666666667,1.0146740335286845e-15,0.8,8.466416460035895e-10,0.3,0.13500350250095441,0.7333333333333333,4.326943555111202e-08,0.9333333333333333,2.993288398909619e-14,0.7333333333333333,4.326943555111202e-08
Critical Fitness,Discus,0.23333333333333334,0.39294501397971776,0.23333333333333334,0.39294501397971776,0.6666666666666666,1.2750060342394341e-06,0.4,0.015643390496754332,0.4,0.015643390496754332,0.2,0.5940706297759378,0.6,2.366488472641374e-05,0.36666666666666664,0.034580084963334506,0.36666666666666664,0.034580084963334506,0.6,2.366488472641374e-05,0.43333333333333335,0.006548396368058784,0.43333333333333335,0.006548396368058784,0.36666666666666664,0.034580084963334506,0.3333333333333333,0.07088798787114439,0.16666666666666666,0.8079631540901643
Critical Fitness,Ellipsoidal,0.5,0.0008995776840176799,0.26666666666666666,0.23907300248018645,0.9333333333333333,2.993288398909619e-14,0.7666666666666667,6.531235554884833e-09,0.5333333333333333,0.0002933405491362055,0.6,2.366488472641374e-05,0.9333333333333333,2.993288398909619e-14,0.8333333333333334,9.236090683675521e-11,0.7,2.5000118318420276e-07,0.9333333333333333,2.993288398909619e-14,0.6,2.366488472641374e-05,0.3,0.13500350250095441,0.8333333333333334,9.236090683675521e-11,0.9333333333333333,2.993288398909619e-14,0.4,0.015643390496754332
Critical Fitness,Elliptic,0.26666666666666666,0.23907300248018645,0.3333333333333333,0.07088798787114439,0.9666666666666667,1.0146740335286845e-15,0.6333333333333333,5.795481973815609e-06,0.36666666666666664,0.034580084963334506,0.4666666666666667,0.0025300622362698397,0.9333333333333333,2.993288398909619e-14,0.6333333333333333,5.795481973815609e-06,0.43333333333333335,0.006548396368058784,0.9333333333333333,2.993288398909619e-14,0.4,0.015643390496754332,0.13333333333333333,0.9578462903438838,0.8666666666666667,8.246509538996e-12,0.9333333333333333,2.993288398909619e-14,0.36666666666666664,0.034580084963334506
Critical Fitness,Exponential,0.5333333333333333,0.0002933405491362055,0.5333333333333333,0.0002933405491362055,1.0,1.6911233892144742e-17,0.7,2.5000118318420276e-07,0.6,2.366488472641374e-05,0.8,8.466416460035895e-10,0.9666666666666667,1.0146740335286845e-15,0.8666666666666667,8.246509538996e-12,0.8333333333333334,9.236090683675521e-11,1.0,1.6911233892144742e-17,0.36666666666666664,0.034580084963334506,0.16666666666666666,0.8079631540901643,1.0,1.6911233892144742e-17,1.0,1.6911233892144742e-17,0.36666666666666664,0.034580084963334506
Critical Fitness,Drop Wave,0.43333333333333335,0.006548396368058784,0.6,2.366488472641374e-05,1.0,1.6911233892144742e-17,0.5,0.0008995776840176799,0.5666666666666667,8.737803591291227e-05,0.9333333333333333,2.993288398909619e-14,0.9666666666666667,1.0146740335286845e-15,0.8333333333333334,9.236090683675521e-11,0.9,5.78702423789193e-13,1.0,1.6911233892144742e-17,0.36666666666666664,0.034580084963334506,0.26666666666666666,0.23907300248018645,1.0,1.6911233892144742e-17,1.0,1.6911233892144742e-17,0.26666666666666666,0.23907300248018645
Critical Fitness,Egg Crate,0.43333333333333335,0.006548396368058784,0.6333333333333333,5.795481973815609e-06,1.0,1.6911233892144742e-17,0.6666666666666666,1.2750060342394341e-06,0.6,2.366488472641374e-05,0.7666666666666667,6.531235554884833e-09,1.0,1.6911233892144742e-17,0.8,8.466416460035895e-10,0.7666666666666667,6.531235554884833e-09,1.0,1.6911233892144742e-17,0.5333333333333333,0.0002933405491362055,0.26666666666666666,0.23907300248018645,1.0,1.6911233892144742e-17,1.0,1.6911233892144742e-17,0.3333333333333333,0.07088798787114439
Critical Fitness,Price 2,0.16666666666666666,0.8079631540901643,0.6333333333333333,5.795481973815609e-06,1.0,1.6911233892144742e-17,0.6666666666666666,1.2750060342394341e-06,0.5666666666666667,8.737803591291227e-05,0.7666666666666667,6.531235554884833e-09,1.0,1.6911233892144742e-17,0.7666666666666667,6.531235554884833e-09,0.7,2.5000118318420276e-07,0.9666666666666667,1.0146740335286845e-15,0.2,0.5940706297759378,0.23333333333333334,0.39294501397971776,1.0,1.6911233892144742e-17,1.0,1.6911233892144742e-17,0.26666666666666666,0.23907300248018645
Critical Fitness,Mishra 1,0.13333333333333333,0.9578462903438838,1.0,1.6911233892144742e-17,1.0,1.6911233892144742e-17,0.9666666666666667,1.0146740335286845e-15,1.0,1.6911233892144742e-17,1.0,1.6911233892144742e-17,0.9,5.78702423789193e-13,0.9666666666666667,1.0146740335286845e-15,0.9666666666666667,1.0146740335286845e-15,0.4666666666666667,0.0025300622362698397,0.26666666666666666,0.23907300248018645,0.2,0.5940706297759378,0.6,2.366488472641374e-05,0.43333333333333335,0.006548396368058784,0.2,0.5940706297759378
Critical Fitness,Needle Eye,0.4,0.015643390496754332,0.5,0.0008995776840176799,1.0,3.382246778428948e-17,0.5333333333333333,0.0002933405491362055,0.6,2.366488472641374e-05,0.8333333333333334,9.236090683675521e-11,1.0,3.382246778428948e-17,0.8666666666666667,8.246509538996e-12,0.9666666666666667,1.0146740335286845e-15,1.0,3.382246778428948e-17,0.3,0.13500350250095441,0.36666666666666664,0.034580084963334506,1.0,3.382246778428948e-17,1.0,3.382246778428948e-17,0.23333333333333334,0.39294501397971776
Critical Fitness,Pinter,0.4,0.015643390496754332,0.3333333333333333,0.07088798787114439,1.0,1.6911233892144742e-17,0.36666666666666664,0.034580084963334506,0.26666666666666666,0.23907300248018645,0.5333333333333333,0.0002933405491362055,1.0,1.6911233892144742e-17,0.3333333333333333,0.07088798787114439,0.4666666666666667,0.0025300622362698397,1.0,1.6911233892144742e-17,0.6,2.366488472641374e-05,0.43333333333333335,0.006548396368058784,1.0,1.6911233892144742e-17,1.0,1.6911233892144742e-17,0.4666666666666667,0.0025300622362698397
Critical Fitness,Qing,0.36666666666666664,0.034580084963334506,0.4666666666666667,0.0025300622362698397,0.8,8.466416460035895e-10,0.7,2.5000118318420276e-07,0.5,0.0008995776840176799,0.6666666666666666,1.2750060342394341e-06,0.8333333333333334,9.236090683675521e-11,0.8333333333333334,9.236090683675521e-11,0.7333333333333333,4.326943555111202e-08,0.8333333333333334,9.236090683675521e-11,0.7,2.5000118318420276e-07,0.16666666666666666,0.8079631540901643,0.7333333333333333,4.326943555111202e-08,0.8333333333333334,9.236090683675521e-11,0.6666666666666666,1.2750060342394341e-06
Critical Fitness,Rosenbrock,0.5,0.0008995776840176799,0.2,0.5940706297759378,0.9,5.78702423789193e-13,0.6,2.366488472641374e-05,0.2,0.5940706297759378,0.4666666666666667,0.0025300622362698397,0.9,5.78702423789193e-13,0.7,2.5000118318420276e-07,0.5,0.0008995776840176799,0.8666666666666667,8.246509538996e-12,0.6,2.366488472641374e-05,0.26666666666666666,0.23907300248018645,0.6666666666666666,1.2750060342394341e-06,0.8333333333333334,9.236090683675521e-11,0.6,2.366488472641374e-05
Critical Fitness,Schwaffer 7,0.26666666666666666,0.23907300248018645,0.4,0.015643390496754332,0.7666666666666667,6.531235554884833e-09,0.5666666666666667,8.737803591291227e-05,0.4,0.015643390496754332,0.43333333333333335,0.006548396368058784,0.8333333333333334,9.236090683675521e-11,0.6,2.366488472641374e-05,0.43333333333333335,0.006548396368058784,0.7,2.5000118318420276e-07,0.3333333333333333,0.07088798787114439,0.16666666666666666,0.8079631540901643,0.4666666666666667,0.0025300622362698397,0.5666666666666667,8.737803591291227e-05,0.2,0.5940706297759378
Critical Fitness,Schwefel $1.2$,0.23333333333333334,0.39294501397971776,0.4666666666666667,0.0025300622362698397,1.0,1.6911233892144742e-17,0.7333333333333333,4.326943555111202e-08,0.6,2.366488472641374e-05,0.26666666666666666,0.23907300248018645,1.0,1.6911233892144742e-17,0.5666666666666667,8.737803591291227e-05,0.4666666666666667,0.0025300622362698397,1.0,1.6911233892144742e-17,0.36666666666666664,0.034580084963334506,0.2,0.5940706297759378,0.9333333333333333,2.993288398909619e-14,1.0,1.6911233892144742e-17,0.36666666666666664,0.034580084963334506
Critical Fitness,Step 3,0.5,0.0008995776840176799,0.4,0.015643390496754332,1.0,1.6911233892144742e-17,0.5333333333333333,0.0002933405491362055,0.6333333333333333,5.795481973815609e-06,0.8333333333333334,9.236090683675521e-11,1.0,1.6911233892144742e-17,0.8333333333333334,9.236090683675521e-11,0.8666666666666667,8.246509538996e-12,1.0,1.6911233892144742e-17,0.3333333333333333,0.07088798787114439,0.43333333333333335,0.006548396368058784,1.0,1.6911233892144742e-17,1.0,1.6911233892144742e-17,0.23333333333333334,0.39294501397971776
Critical Fitness,Weierstrass,0.2,0.5940706297759378,0.43333333333333335,0.006548396368058784,1.0,1.6911233892144742e-17,0.4666666666666667,0.0025300622362698397,0.4,0.015643390496754332,0.6,2.366488472641374e-05,1.0,1.6911233892144742e-17,0.6333333333333333,5.795481973815609e-06,0.4666666666666667,0.0025300622362698397,1.0,1.6911233892144742e-17,0.2,0.5940706297759378,0.2,0.5940706297759378,1.0,1.6911233892144742e-17,1.0,1.6911233892144742e-17,0.2,0.5940706297759378
SRoC Type A,Attractive Sector,0.5333333333333333,0.0002933405491362055,0.6,2.366488472641374e-05,0.7666666666666667,6.531235554884833e-09,0.8,8.466416460035895e-10,0.6666666666666666,1.2750060342394341e-06,0.8,8.466416460035895e-10,0.5333333333333333,0.0002933405491362055,1.0,1.6911233892144742e-17,0.8666666666666667,8.246509538996e-12,0.7666666666666667,6.531235554884833e-09,0.5333333333333333,0.0002933405491362055,0.3,0.13500350250095441,0.8,8.466416460035895e-10,0.8,8.466416460035895e-10,0.36666666666666664,0.034580084963334506
SRoC Type A,Brown,0.13333333333333333,0.9578462903438838,0.5333333333333333,0.0002933405491362055,0.36666666666666664,0.034580084963334506,0.9666666666666667,1.0146740335286845e-15,0.8333333333333334,9.236090683675521e-11,0.43333333333333335,0.006548396368058784,0.36666666666666664,0.034580084963334506,0.9,5.78702423789193e-13,0.7333333333333333,4.326943555111202e-08,0.5333333333333333,0.0002933405491362055,0.7,2.5000118318420276e-07,0.5,0.0008995776840176799,0.7333333333333333,4.326943555111202e-08,0.6333333333333333,5.795481973815609e-06,0.36666666666666664,0.034580084963334506
SRoC Type A,Discus,0.5,0.0008995776840176799,0.3333333333333333,0.07088798787114439,0.7,2.5000118318420276e-07,0.2,0.5940706297759378,0.3333333333333333,0.07088798787114439,0.43333333333333335,0.006548396368058784,0.7666666666666667,6.531235554884833e-09,0.6,2.366488472641374e-05,0.5333333333333333,0.0002933405491362055,0.8,8.466416460035895e-10,0.36666666666666664,0.034580084963334506,0.16666666666666666,0.8079631540901643,0.7666666666666667,6.531235554884833e-09,0.8,8.466416460035895e-10,0.43333333333333335,0.006548396368058784
SRoC Type A,Ellipsoidal,0.6,2.366488472641374e-05,0.5666666666666667,8.737803591291227e-05,0.5333333333333333,0.0002933405491362055,0.4,0.015643390496754332,0.5,0.0008995776840176799,0.43333333333333335,0.006548396368058784,0.6,2.366488472641374e-05,0.6666666666666666,1.2750060342394341e-06,0.5666666666666667,8.737803591291227e-05,0.6,2.366488472641374e-05,0.6666666666666666,1.2750060342394341e-06,0.3,0.13500350250095441,0.5666666666666667,8.737803591291227e-05,0.6,2.366488472641374e-05,0.43333333333333335,0.006548396368058784
SRoC Type A,Elliptic,0.6,2.366488472641374e-05,0.36666666666666664,0.034580084963334506,0.5666666666666667,8.737803591291227e-05,0.16666666666666666,0.8079631540901643,0.3,0.13500350250095441,0.5666666666666667,8.737803591291227e-05,0.6666666666666666,1.2750060342394341e-06,0.7,2.5000118318420276e-07,0.6,2.366488472641374e-05,0.6666666666666666,1.2750060342394341e-06,0.43333333333333335,0.006548396368058784,0.16666666666666666,0.8079631540901643,0.6333333333333333,5.795481973815609e-06,0.6,2.366488472641374e-05,0.3333333333333333,0.07088798787114439
SRoC Type A,Exponential,0.5,0.0008995776840176799,0.5,0.0008995776840176799,0.7666666666666667,6.531235554884833e-09,0.8666666666666667,8.246509538996e-12,0.6,2.366488472641374e-05,0.7333333333333333,4.326943555111202e-08,0.5666666666666667,8.737803591291227e-05,0.9333333333333333,2.993288398909619e-14,0.7333333333333333,4.326943555111202e-08,0.7333333333333333,4.326943555111202e-08,0.6666666666666666,1.2750060342394341e-06,0.16666666666666666,0.8079631540901643,0.8333333333333334,9.236090683675521e-11,0.8,8.466416460035895e-10,0.6666666666666666,1.2750060342394341e-06
SRoC Type A,Drop Wave,0.23333333333333334,0.39294501397971776,0.4,0.015643390496754332,0.43333333333333335,0.006548396368058784,0.6,2.366488472641374e-05,0.5,0.0008995776840176799,0.5666666666666667,8.737803591291227e-05,0.43333333333333335,0.006548396368058784,0.7333333333333333,4.326943555111202e-08,0.6333333333333333,5.795481973815609e-06,0.4666666666666667,0.0025300622362698397,0.5333333333333333,0.0002933405491362055,0.3,0.13500350250095441,0.4666666666666667,0.0025300622362698397,0.5,0.0008995776840176799,0.36666666666666664,0.034580084963334506
SRoC Type A,Egg Crate,0.2,0.5940706297759378,0.26666666666666666,0.23907300248018645,0.43333333333333335,0.006548396368058784,0.5,0.0008995776840176799,0.26666666666666666,0.23907300248018645,0.3,0.13500350250095441,0.4,0.015643390496754332,0.4,0.015643390496754332,0.26666666666666666,0.23907300248018645,0.4666666666666667,0.0025300622362698397,0.5333333333333333,0.0002933405491362055,0.23333333333333334,0.39294501397971776,0.43333333333333335,0.006548396368058784,0.4666666666666667,0.0025300622362698397,0.43333333333333335,0.006548396368058784
SRoC Type A,Price 2,0.3,0.13500350250095441,0.26666666666666666,0.23907300248018645,0.36666666666666664,0.034580084963334506,0.4,0.015643390496754332,0.3333333333333333,0.07088798787114439,0.13333333333333333,0.9578462903438838,0.4,0.015643390496754332,0.36666666666666664,0.034580084963334506,0.2,0.5940706297759378,0.43333333333333335,0.006548396368058784,0.3,0.13500350250095441,0.26666666666666666,0.23907300248018645,0.5666666666666667,8.737803591291227e-05,0.5333333333333333,0.0002933405491362055,0.36666666666666664,0.034580084963334506
SRoC Type A,Mishra 1,0.2,0.5940706297759378,0.7,2.5000118318420276e-07,0.6666666666666666,1.2750060342394341e-06,0.7,2.5000118318420276e-07,0.6333333333333333,5.795481973815609e-06,0.5333333333333333,0.0002933405491362055,0.6,2.366488472641374e-05,0.7,2.5000118318420276e-07,0.5333333333333333,0.0002933405491362055,0.23333333333333334,0.39294501397971776,0.23333333333333334,0.39294501397971776,0.23333333333333334,0.39294501397971776,0.13333333333333333,0.9578462903438838,0.13333333333333333,0.9578462903438838,0.23333333333333334,0.39294501397971776
SRoC Type A,Needle Eye,0.5,0.0008995776840176799,0.3,0.13500350250095441,0.8275862068965517,1.6932832920071784e-10,0.5,0.0008995776840176799,0.5,0.0008995776840176799,0.5666666666666667,8.737803591291227e-05,0.8275862068965517,1.6932832920071784e-10,0.7333333333333333,4.326943555111202e-08,0.7333333333333333,4.326943555111202e-08,0.8620689655172413,1.539348447279253e-11,0.3,0.13500350250095441,0.23333333333333334,0.39294501397971776,0.8620689655172413,1.539348447279253e-11,0.8620689655172413,1.539348447279253e-11,0.2,0.5940706297759378
SRoC Type A,Pinter,0.26666666666666666,0.23907300248018645,0.36666666666666664,0.034580084963334506,0.4666666666666667,0.0025300622362698397,0.5333333333333333,0.0002933405491362055,0.4666666666666667,0.0025300622362698397,0.43333333333333335,0.006548396368058784,0.36666666666666664,0.034580084963334506,0.6,2.366488472641374e-05,0.5666666666666667,8.737803591291227e-05,0.4666666666666667,0.0025300622362698397,0.3333333333333333,0.07088798787114439,0.23333333333333334,0.39294501397971776,0.5,0.0008995776840176799,0.5,0.0008995776840176799,0.23333333333333334,0.39294501397971776
SRoC Type A,Qing,0.5,0.0008995776840176799,0.5333333333333333,0.0002933405491362055,0.6333333333333333,5.795481973815609e-06,0.8333333333333334,9.236090683675521e-11,0.6,2.366488472641374e-05,0.8666666666666667,8.246509538996e-12,0.4666666666666667,0.0025300622362698397,0.9666666666666667,1.0146740335286845e-15,0.9333333333333333,2.993288398909619e-14,0.7,2.5000118318420276e-07,0.6333333333333333,5.795481973815609e-06,0.2,0.5940706297759378,0.7333333333333333,4.326943555111202e-08,0.7333333333333333,4.326943555111202e-08,0.5666666666666667,8.737803591291227e-05
SRoC Type A,Rosenbrock,0.5666666666666667,8.737803591291227e-05,0.2,0.5940706297759378,0.3333333333333333,0.07088798787114439,0.4666666666666667,0.0025300622362698397,0.26666666666666666,0.23907300248018645,0.7,2.5000118318420276e-07,0.4666666666666667,0.0025300622362698397,0.9,5.78702423789193e-13,0.7666666666666667,6.531235554884833e-09,0.43333333333333335,0.006548396368058784,0.43333333333333335,0.006548396368058784,0.13333333333333333,0.9578462903438838,0.4666666666666667,0.0025300622362698397,0.4,0.015643390496754332,0.4666666666666667,0.0025300622362698397
SRoC Type A,Schwaffer 7,0.23333333333333334,0.39294501397971776,0.26666666666666666,0.23907300248018645,0.3333333333333333,0.07088798787114439,0.3,0.13500350250095441,0.2,0.5940706297759378,0.4,0.015643390496754332,0.43333333333333335,0.006548396368058784,0.4,0.015643390496754332,0.23333333333333334,0.39294501397971776,0.3,0.13500350250095441,0.16666666666666666,0.8079631540901643,0.26666666666666666,0.23907300248018645,0.3,0.13500350250095441,0.4666666666666667,0.0025300622362698397,0.3333333333333333,0.07088798787114439
SRoC Type A,Schwefel $1.2$,0.2,0.5940706297759378,0.5666666666666667,8.737803591291227e-05,0.6333333333333333,5.795481973815609e-06,0.7,2.5000118318420276e-07,0.6666666666666666,1.2750060342394341e-06,0.5,0.0008995776840176799,0.6333333333333333,5.795481973815609e-06,0.6666666666666666,1.2750060342394341e-06,0.6333333333333333,5.795481973815609e-06,0.3,0.13500350250095441,0.23333333333333334,0.39294501397971776,0.3333333333333333,0.07088798787114439,0.3,0.13500350250095441,0.2,0.5940706297759378,0.3,0.13500350250095441
SRoC Type A,Step 3,0.5666666666666667,8.737803591291227e-05,0.4,0.015643390496754332,0.6666666666666666,1.2750060342394341e-06,0.8,8.466416460035895e-10,0.6,2.366488472641374e-05,0.8,8.466416460035895e-10,0.6,2.366488472641374e-05,0.9666666666666667,1.0146740335286845e-15,0.9,5.78702423789193e-13,0.8,8.466416460035895e-10,0.8666666666666667,8.246509538996e-12,0.5666666666666667,8.737803591291227e-05,0.8333333333333334,9.236090683675521e-11,0.8,8.466416460035895e-10,0.4,0.015643390496754332
SRoC Type A,Weierstrass,0.43333333333333335,0.006548396368058784,0.5666666666666667,8.737803591291227e-05,0.36666666666666664,0.034580084963334506,0.6,2.366488472641374e-05,0.5333333333333333,0.0002933405491362055,0.7333333333333333,4.326943555111202e-08,0.43333333333333335,0.006548396368058784,0.6666666666666666,1.2750060342394341e-06,0.6333333333333333,5.795481973815609e-06,0.4666666666666667,0.0025300622362698397,0.36666666666666664,0.034580084963334506,0.26666666666666666,0.23907300248018645,0.43333333333333335,0.006548396368058784,0.4,0.015643390496754332,0.2,0.5940706297759378
SRoC Type B,Attractive Sector,0.36666666666666664,0.034580084963334506,0.5,0.0008995776840176799,0.7,2.5000118318420276e-07,0.7333333333333333,4.326943555111202e-08,0.5333333333333333,0.0002933405491362055,0.7666666666666667,6.531235554884833e-09,0.7,2.5000118318420276e-07,0.9,5.78702423789193e-13,0.8,8.466416460035895e-10,0.5333333333333333,0.0002933405491362055,0.4666666666666667,0.0025300622362698397,0.2,0.5940706297759378,0.3,0.13500350250095441,0.43333333333333335,0.006548396368058784,0.3,0.13500350250095441
SRoC Type B,Brown,0.3333333333333333,0.07088798787114439,0.7,2.5000118318420276e-07,0.7666666666666667,6.531235554884833e-09,0.9,5.78702423789193e-13,0.7666666666666667,6.531235554884833e-09,0.8333333333333334,9.236090683675521e-11,0.7666666666666667,6.531235554884833e-09,0.9666666666666667,1.0146740335286845e-15,0.9,5.78702423789193e-13,0.6,2.366488472641374e-05,0.5666666666666667,8.737803591291227e-05,0.3,0.13500350250095441,0.5,0.0008995776840176799,0.5666666666666667,8.737803591291227e-05,0.36666666666666664,0.034580084963334506
SRoC Type B,Discus,0.36666666666666664,0.034580084963334506,0.43333333333333335,0.006548396368058784,0.5666666666666667,8.737803591291227e-05,0.5333333333333333,0.0002933405491362055,0.4666666666666667,0.0025300622362698397,0.6666666666666666,1.2750060342394341e-06,0.5333333333333333,0.0002933405491362055,0.7666666666666667,6.531235554884833e-09,0.7,2.5000118318420276e-07,0.5666666666666667,8.737803591291227e-05,0.3,0.13500350250095441,0.13333333333333333,0.9578462903438838,0.6,2.366488472641374e-05,0.5666666666666667,8.737803591291227e-05,0.23333333333333334,0.39294501397971776
SRoC Type B,Ellipsoidal,0.3333333333333333,0.07088798787114439,0.4,0.015643390496754332,0.7,2.5000118318420276e-07,0.5333333333333333,0.0002933405491362055,0.5333333333333333,0.0002933405491362055,0.5666666666666667,8.737803591291227e-05,0.7,2.5000118318420276e-07,0.7,2.5000118318420276e-07,0.6,2.366488472641374e-05,0.7333333333333333,4.326943555111202e-08,0.3,0.13500350250095441,0.16666666666666666,0.8079631540901643,0.7666666666666667,6.531235554884833e-09,0.7666666666666667,6.531235554884833e-09,0.3333333333333333,0.07088798787114439
SRoC Type B,Elliptic,0.23333333333333334,0.39294501397971776,0.4,0.015643390496754332,0.5333333333333333,0.0002933405491362055,0.5666666666666667,8.737803591291227e-05,0.5,0.0008995776840176799,0.3333333333333333,0.07088798787114439,0.5333333333333333,0.0002933405491362055,0.7,2.5000118318420276e-07,0.4666666666666667,0.0025300622362698397,0.6333333333333333,5.795481973815609e-06,0.5,0.0008995776840176799,0.3,0.13500350250095441,0.7333333333333333,4.326943555111202e-08,0.6666666666666666,1.2750060342394341e-06,0.36666666666666664,0.034580084963334506
SRoC Type B,Exponential,0.3333333333333333,0.07088798787114439,0.4666666666666667,0.0025300622362698397,0.5666666666666667,8.737803591291227e-05,0.8,8.466416460035895e-10,0.5666666666666667,8.737803591291227e-05,0.7333333333333333,4.326943555111202e-08,0.6,2.366488472641374e-05,0.8666666666666667,8.246509538996e-12,0.7666666666666667,6.531235554884833e-09,0.5333333333333333,0.0002933405491362055,0.43333333333333335,0.006548396368058784,0.23333333333333334,0.39294501397971776,0.43333333333333335,0.006548396368058784,0.5333333333333333,0.0002933405491362055,0.3333333333333333,0.07088798787114439
SRoC Type B,Drop Wave,0.16666666666666666,0.8079631540901643,0.36666666666666664,0.034580084963334506,0.36666666666666664,0.034580084963334506,0.5333333333333333,0.0002933405491362055,0.4666666666666667,0.0025300622362698397,0.3,0.13500350250095441,0.4666666666666667,0.0025300622362698397,0.4666666666666667,0.0025300622362698397,0.4,0.015643390496754332,0.5,0.0008995776840176799,0.43333333333333335,0.006548396368058784,0.2,0.5940706297759378,0.5666666666666667,8.737803591291227e-05,0.5666666666666667,8.737803591291227e-05,0.4,0.015643390496754332
SRoC Type B,Egg Crate,0.23333333333333334,0.39294501397971776,0.5666666666666667,8.737803591291227e-05,0.4,0.015643390496754332,0.7,2.5000118318420276e-07,0.6333333333333333,5.795481973815609e-06,0.7333333333333333,4.326943555111202e-08,0.43333333333333335,0.006548396368058784,0.7666666666666667,6.531235554884833e-09,0.8,8.466416460035895e-10,0.6,2.366488472641374e-05,0.26666666666666666,0.23907300248018645,0.16666666666666666,0.8079631540901643,0.6666666666666666,1.2750060342394341e-06,0.7,2.5000118318420276e-07,0.23333333333333334,0.39294501397971776
SRoC Type B,Price 2,0.1,0.9988393756362763,0.2,0.5940706297759378,0.4,0.015643390496754332,0.36666666666666664,0.034580084963334506,0.4,0.015643390496754332,0.23333333333333334,0.39294501397971776,0.4666666666666667,0.0025300622362698397,0.4,0.015643390496754332,0.36666666666666664,0.034580084963334506,0.26666666666666666,0.23907300248018645,0.2,0.5940706297759378,0.3,0.13500350250095441,0.2,0.5940706297759378,0.36666666666666664,0.034580084963334506,0.23333333333333334,0.39294501397971776
SRoC Type B,Mishra 1,0.2,0.5940706297759378,0.36666666666666664,0.034580084963334506,0.4666666666666667,0.0025300622362698397,0.4666666666666667,0.0025300622362698397,0.4,0.015643390496754332,0.43333333333333335,0.006548396368058784,0.4666666666666667,0.0025300622362698397,0.6,2.366488472641374e-05,0.4,0.015643390496754332,0.3,0.13500350250095441,0.23333333333333334,0.39294501397971776,0.2,0.5940706297759378,0.2,0.5940706297759378,0.23333333333333334,0.39294501397971776,0.3333333333333333,0.07088798787114439
SRoC Type B,Needle Eye,0.5333333333333333,0.0002933405491362055,0.36666666666666664,0.034580084963334506,0.7597701149425288,1.1322056141260141e-08,0.36666666666666664,0.034580084963334506,0.4,0.015643390496754332,0.36666666666666664,0.034580084963334506,0.725287356321839,7.404275471263967e-08,0.23333333333333334,0.39294501397971776,0.4,0.015643390496754332,0.7586206896551724,1.15385161469632e-08,0.23333333333333334,0.39294501397971776,0.16666666666666666,0.8079631540901643,0.5919540229885057,2.9857125466963447e-05,0.725287356321839,7.404275471263967e-08,0.2,0.5940706297759378
SRoC Type B,Pinter,0.7,2.5000118318420276e-07,0.23333333333333334,0.39294501397971776,0.5666666666666667,8.737803591291227e-05,0.6333333333333333,5.795481973815609e-06,0.3333333333333333,0.07088798787114439,0.8,8.466416460035895e-10,0.4666666666666667,0.0025300622362698397,0.9,5.78702423789193e-13,0.8666666666666667,8.246509538996e-12,0.6333333333333333,5.795481973815609e-06,0.4666666666666667,0.0025300622362698397,0.3333333333333333,0.07088798787114439,0.6666666666666666,1.2750060342394341e-06,0.6333333333333333,5.795481973815609e-06,0.43333333333333335,0.006548396368058784
SRoC Type B,Qing,0.3333333333333333,0.07088798787114439,0.4666666666666667,0.0025300622362698397,0.4666666666666667,0.0025300622362698397,0.7333333333333333,4.326943555111202e-08,0.7,2.5000118318420276e-07,0.7333333333333333,4.326943555111202e-08,0.4666666666666667,0.0025300622362698397,0.8666666666666667,8.246509538996e-12,0.8333333333333334,9.236090683675521e-11,0.4,0.015643390496754332,0.6333333333333333,5.795481973815609e-06,0.4,0.015643390496754332,0.43333333333333335,0.006548396368058784,0.4,0.015643390496754332,0.3,0.13500350250095441
SRoC Type B,Rosenbrock,0.36666666666666664,0.034580084963334506,0.7,2.5000118318420276e-07,0.43333333333333335,0.006548396368058784,0.13333333333333333,0.9578462903438838,0.5333333333333333,0.0002933405491362055,0.9333333333333333,2.993288398909619e-14,0.4666666666666667,0.0025300622362698397,0.3333333333333333,0.07088798787114439,0.7666666666666667,6.531235554884833e-09,0.6333333333333333,5.795481973815609e-06,0.6,2.366488472641374e-05,0.3333333333333333,0.07088798787114439,0.4666666666666667,0.0025300622362698397,0.5333333333333333,0.0002933405491362055,0.5,0.0008995776840176799
SRoC Type B,Schwaffer 7,0.26666666666666666,0.23907300248018645,0.43333333333333335,0.006548396368058784,0.26666666666666666,0.23907300248018645,0.36666666666666664,0.034580084963334506,0.36666666666666664,0.034580084963334506,0.3333333333333333,0.07088798787114439,0.3,0.13500350250095441,0.4,0.015643390496754332,0.36666666666666664,0.034580084963334506,0.3333333333333333,0.07088798787114439,0.3333333333333333,0.07088798787114439,0.3,0.13500350250095441,0.2,0.5940706297759378,0.23333333333333334,0.39294501397971776,0.2,0.5940706297759378
SRoC Type B,Schwefel $1.2$,0.23333333333333334,0.39294501397971776,0.43333333333333335,0.006548396368058784,0.36666666666666664,0.034580084963334506,0.5,0.0008995776840176799,0.5666666666666667,8.737803591291227e-05,0.4,0.015643390496754332,0.4,0.015643390496754332,0.5,0.0008995776840176799,0.5333333333333333,0.0002933405491362055,0.23333333333333334,0.39294501397971776,0.2,0.5940706297759378,0.23333333333333334,0.39294501397971776,0.23333333333333334,0.39294501397971776,0.3,0.13500350250095441,0.16666666666666666,0.8079631540901643
SRoC Type B,Step 3,0.1,0.9988393756362763,0.7666666666666667,6.531235554884833e-09,0.7333333333333333,4.326943555111202e-08,0.7666666666666667,6.531235554884833e-09,0.5666666666666667,8.737803591291227e-05,0.7333333333333333,4.326943555111202e-08,0.8,8.466416460035895e-10,0.7666666666666667,6.531235554884833e-09,0.5333333333333333,0.0002933405491362055,0.7,2.5000118318420276e-07,0.4,0.015643390496754332,0.23333333333333334,0.39294501397971776,0.6,2.366488472641374e-05,0.6666666666666666,1.2750060342394341e-06,0.36666666666666664,0.034580084963334506
SRoC Type B,Weierstrass,0.3,0.13500350250095441,0.7333333333333333,4.326943555111202e-08,0.4666666666666667,0.0025300622362698397,0.7666666666666667,6.531235554884833e-09,0.7666666666666667,6.531235554884833e-09,0.7333333333333333,4.326943555111202e-08,0.4666666666666667,0.0025300622362698397,0.7333333333333333,4.326943555111202e-08,0.7,2.5000118318420276e-07,0.6666666666666666,1.2750060342394341e-06,0.5,0.0008995776840176799,0.4,0.015643390496754332,0.6666666666666666,1.2750060342394341e-06,0.6666666666666666,1.2750060342394341e-06,0.2,0.5940706297759378
ERT Separation,Attractive Sector,0.5333333333333333,0.0002933405491362055,0.6,2.366488472641374e-05,0.7666666666666667,6.531235554884833e-09,0.8666666666666667,8.246509538996e-12,0.6666666666666666,1.2750060342394341e-06,0.7666666666666667,6.531235554884833e-09,0.7333333333333333,4.326943555111202e-08,1.0,1.6911233892144742e-17,0.9,5.78702423789193e-13,0.7333333333333333,4.326943555111202e-08,0.7333333333333333,4.326943555111202e-08,0.36666666666666664,0.034580084963334506,0.8,8.466416460035895e-10,0.7666666666666667,6.531235554884833e-09,0.5333333333333333,0.0002933405491362055
ERT Separation,Brown,0.23333333333333334,0.39294501397971776,0.5333333333333333,0.0002933405491362055,0.5666666666666667,8.737803591291227e-05,0.9,5.78702423789193e-13,0.7666666666666667,6.531235554884833e-09,0.5666666666666667,8.737803591291227e-05,0.5666666666666667,8.737803591291227e-05,0.9333333333333333,2.993288398909619e-14,0.8,8.466416460035895e-10,0.6333333333333333,5.795481973815609e-06,0.8333333333333334,9.236090683675521e-11,0.5,0.0008995776840176799,0.7333333333333333,4.326943555111202e-08,0.7,2.5000118318420276e-07,0.5333333333333333,0.0002933405491362055
ERT Separation,Discus,0.8333333333333334,9.236090683675521e-11,0.36666666666666664,0.034580084963334506,0.36666666666666664,0.034580084963334506,0.16666666666666666,0.8079631540901643,0.3333333333333333,0.07088798787114439,0.8333333333333334,9.236090683675521e-11,0.7,2.5000118318420276e-07,0.8666666666666667,8.246509538996e-12,0.8666666666666667,8.246509538996e-12,0.5333333333333333,0.0002933405491362055,0.43333333333333335,0.006548396368058784,0.26666666666666666,0.23907300248018645,0.5,0.0008995776840176799,0.5333333333333333,0.0002933405491362055,0.3333333333333333,0.07088798787114439
ERT Separation,Ellipsoidal,0.9333333333333333,2.993288398909619e-14,0.5,0.0008995776840176799,0.5666666666666667,8.737803591291227e-05,0.36666666666666664,0.034580084963334506,0.4666666666666667,0.0025300622362698397,0.8666666666666667,8.246509538996e-12,0.43333333333333335,0.006548396368058784,0.9666666666666667,1.0146740335286845e-15,0.9666666666666667,1.0146740335286845e-15,0.4666666666666667,0.0025300622362698397,0.6666666666666666,1.2750060342394341e-06,0.3333333333333333,0.07088798787114439,0.5333333333333333,0.0002933405491362055,0.5666666666666667,8.737803591291227e-05,0.5666666666666667,8.737803591291227e-05
ERT Separation,Elliptic,0.8333333333333334,9.236090683675521e-11,0.3333333333333333,0.07088798787114439,0.36666666666666664,0.034580084963334506,0.36666666666666664,0.034580084963334506,0.23333333333333334,0.39294501397971776,0.9666666666666667,1.0146740335286845e-15,0.5,0.0008995776840176799,0.9666666666666667,1.0146740335286845e-15,0.9666666666666667,1.0146740335286845e-15,0.4666666666666667,0.0025300622362698397,0.6,2.366488472641374e-05,0.3,0.13500350250095441,0.5,0.0008995776840176799,0.4666666666666667,0.0025300622362698397,0.43333333333333335,0.006548396368058784
ERT Separation,Exponential,0.4666666666666667,0.0025300622362698397,0.5333333333333333,0.0002933405491362055,0.8,8.466416460035895e-10,0.8666666666666667,8.246509538996e-12,0.6333333333333333,5.795481973815609e-06,0.6,2.366488472641374e-05,0.7333333333333333,4.326943555111202e-08,0.9333333333333333,2.993288398909619e-14,0.7,2.5000118318420276e-07,0.8,8.466416460035895e-10,0.7333333333333333,4.326943555111202e-08,0.23333333333333334,0.39294501397971776,0.8333333333333334,9.236090683675521e-11,0.8333333333333334,9.236090683675521e-11,0.7666666666666667,6.531235554884833e-09
ERT Separation,Drop Wave,0.13333333333333333,0.9578462903438838,0.4666666666666667,0.0025300622362698397,0.43333333333333335,0.006548396368058784,0.7333333333333333,4.326943555111202e-08,0.5666666666666667,8.737803591291227e-05,0.5,0.0008995776840176799,0.43333333333333335,0.006548396368058784,0.8333333333333334,9.236090683675521e-11,0.6333333333333333,5.795481973815609e-06,0.5,0.0008995776840176799,0.6333333333333333,5.795481973815609e-06,0.43333333333333335,0.006548396368058784,0.5,0.0008995776840176799,0.5333333333333333,0.0002933405491362055,0.4666666666666667,0.0025300622362698397
ERT Separation,Egg Crate,0.1,0.9988393756362763,0.43333333333333335,0.006548396368058784,0.4666666666666667,0.0025300622362698397,0.7666666666666667,6.531235554884833e-09,0.4,0.015643390496754332,0.4666666666666667,0.0025300622362698397,0.4,0.015643390496754332,0.6666666666666666,1.2750060342394341e-06,0.43333333333333335,0.006548396368058784,0.4,0.015643390496754332,0.6,2.366488472641374e-05,0.2,0.5940706297759378,0.4666666666666667,0.0025300622362698397,0.43333333333333335,0.006548396368058784,0.4666666666666667,0.0025300622362698397
ERT Separation,Price 2,0.16666666666666666,0.8079631540901643,0.43333333333333335,0.006548396368058784,0.5666666666666667,8.737803591291227e-05,0.7666666666666667,6.531235554884833e-09,0.43333333333333335,0.006548396368058784,0.4,0.015643390496754332,0.6,2.366488472641374e-05,0.7333333333333333,4.326943555111202e-08,0.43333333333333335,0.006548396368058784,0.23333333333333334,0.39294501397971776,0.4,0.015643390496754332,0.1,0.9988393756362763,0.2,0.5940706297759378,0.3,0.13500350250095441,0.43333333333333335,0.006548396368058784
ERT Separation,Mishra 1,0.16666666666666666,0.8079631540901643,0.5666666666666667,8.737803591291227e-05,0.6333333333333333,5.795481973815609e-06,0.6333333333333333,5.795481973815609e-06,0.5,0.0008995776840176799,0.6,2.366488472641374e-05,0.6333333333333333,5.795481973815609e-06,0.6666666666666666,1.2750060342394341e-06,0.5,0.0008995776840176799,0.1,0.9988393756362763,0.13333333333333333,0.9578462903438838,0.13333333333333333,0.9578462903438838,0.13333333333333333,0.9578462903438838,0.16666666666666666,0.8079631540901643,0.16666666666666666,0.8079631540901643
ERT Separation,Needle Eye,0.43333333333333335,0.006548396368058784,0.3,0.13500350250095441,0.5298850574712644,0.0001742487323994122,0.5,0.0008995776840176799,0.5,0.0008995776840176799,0.5666666666666667,8.737803591291227e-05,0.6977011494252874,1.288126260831949e-07,0.7333333333333333,4.326943555111202e-08,0.7333333333333333,4.326943555111202e-08,0.6563218390804598,2.110675071615575e-06,0.4,0.015643390496754332,0.26666666666666666,0.23907300248018645,0.5551724137931034,0.00013031931457838295,0.6563218390804598,2.110675071615575e-06,0.3,0.13500350250095441
ERT Separation,Pinter,0.26666666666666666,0.23907300248018645,0.36666666666666664,0.034580084963334506,0.5,0.0008995776840176799,0.5666666666666667,8.737803591291227e-05,0.5,0.0008995776840176799,0.4,0.015643390496754332,0.3333333333333333,0.07088798787114439,0.6333333333333333,5.795481973815609e-06,0.5,0.0008995776840176799,0.5333333333333333,0.0002933405491362055,0.43333333333333335,0.006548396368058784,0.26666666666666666,0.23907300248018645,0.5666666666666667,8.737803591291227e-05,0.5666666666666667,8.737803591291227e-05,0.36666666666666664,0.034580084963334506
ERT Separation,Qing,0.6,2.366488472641374e-05,0.5666666666666667,8.737803591291227e-05,0.7333333333333333,4.326943555111202e-08,0.9,5.78702423789193e-13,0.6333333333333333,5.795481973815609e-06,0.8666666666666667,8.246509538996e-12,0.6,2.366488472641374e-05,0.9666666666666667,1.0146740335286845e-15,0.9333333333333333,2.993288398909619e-14,0.7333333333333333,4.326943555111202e-08,0.6666666666666666,1.2750060342394341e-06,0.23333333333333334,0.39294501397971776,0.7333333333333333,4.326943555111202e-08,0.7666666666666667,6.531235554884833e-09,0.6,2.366488472641374e-05
ERT Separation,Rosenbrock,0.5333333333333333,0.0002933405491362055,0.26666666666666666,0.23907300248018645,0.36666666666666664,0.034580084963334506,0.4666666666666667,0.0025300622362698397,0.3,0.13500350250095441,0.7333333333333333,4.326943555111202e-08,0.43333333333333335,0.006548396368058784,0.9,5.78702423789193e-13,0.7666666666666667,6.531235554884833e-09,0.4,0.015643390496754332,0.5666666666666667,8.737803591291227e-05,0.13333333333333333,0.9578462903438838,0.5333333333333333,0.0002933405491362055,0.43333333333333335,0.006548396368058784,0.4666666666666667,0.0025300622362698397
ERT Separation,Schwaffer 7,0.2,0.5940706297759378,0.6,2.366488472641374e-05,0.4666666666666667,0.0025300622362698397,0.5666666666666667,8.737803591291227e-05,0.36666666666666664,0.034580084963334506,0.5333333333333333,0.0002933405491362055,0.43333333333333335,0.006548396368058784,0.4666666666666667,0.0025300622362698397,0.3,0.13500350250095441,0.23333333333333334,0.39294501397971776,0.13333333333333333,0.9578462903438838,0.36666666666666664,0.034580084963334506,0.16666666666666666,0.8079631540901643,0.26666666666666666,0.23907300248018645,0.3,0.13500350250095441
ERT Separation,Schwefel $1.2$,0.2,0.5940706297759378,0.5,0.0008995776840176799,0.6,2.366488472641374e-05,0.6666666666666666,1.2750060342394341e-06,0.6333333333333333,5.795481973815609e-06,0.5,0.0008995776840176799,0.6,2.366488472641374e-05,0.6666666666666666,1.2750060342394341e-06,0.6,2.366488472641374e-05,0.26666666666666666,0.23907300248018645,0.3,0.13500350250095441,0.3,0.13500350250095441,0.26666666666666666,0.23907300248018645,0.23333333333333334,0.39294501397971776,0.23333333333333334,0.39294501397971776
ERT Separation,Step 3,0.5333333333333333,0.0002933405491362055,0.4,0.015643390496754332,0.7666666666666667,6.531235554884833e-09,0.9,5.78702423789193e-13,0.7,2.5000118318420276e-07,0.7333333333333333,4.326943555111202e-08,0.6666666666666666,1.2750060342394341e-06,0.9666666666666667,1.0146740335286845e-15,0.9,5.78702423789193e-13,0.8,8.466416460035895e-10,0.9333333333333333,2.993288398909619e-14,0.5333333333333333,0.0002933405491362055,0.8666666666666667,8.246509538996e-12,0.8666666666666667,8.246509538996e-12,0.5666666666666667,8.737803591291227e-05
ERT Separation,Weierstrass,0.3333333333333333,0.07088798787114439,0.6,2.366488472641374e-05,0.3,0.13500350250095441,0.6666666666666666,1.2750060342394341e-06,0.6,2.366488472641374e-05,0.7333333333333333,4.326943555111202e-08,0.4,0.015643390496754332,0.8,8.466416460035895e-10,0.7,2.5000118318420276e-07,0.4666666666666667,0.0025300622362698397,0.6,2.366488472641374e-05,0.43333333333333335,0.006548396368058784,0.4666666666666667,0.0025300622362698397,0.4666666666666667,0.0025300622362698397,0.3,0.13500350250095441
Critical Separation,Attractive Sector,0.3,0.13500350250095441,0.5,0.0008995776840176799,1.0,1.6911233892144742e-17,0.7333333333333333,4.326943555111202e-08,0.5,0.0008995776840176799,0.4,0.015643390496754332,0.9666666666666667,1.0146740335286845e-15,0.6,2.366488472641374e-05,0.43333333333333335,0.006548396368058784,1.0,1.6911233892144742e-17,0.4,0.015643390496754332,0.2,0.5940706297759378,1.0,1.6911233892144742e-17,1.0,1.6911233892144742e-17,0.26666666666666666,0.23907300248018645
Critical Separation,Brown,0.5333333333333333,0.0002933405491362055,0.6666666666666666,1.2750060342394341e-06,1.0,1.6911233892144742e-17,0.8666666666666667,8.246509538996e-12,0.7,2.5000118318420276e-07,0.3333333333333333,0.07088798787114439,0.9,5.78702423789193e-13,0.4,0.015643390496754332,0.3,0.13500350250095441,1.0,1.6911233892144742e-17,0.5333333333333333,0.0002933405491362055,0.3,0.13500350250095441,1.0,1.6911233892144742e-17,1.0,1.6911233892144742e-17,0.3333333333333333,0.07088798787114439
Critical Separation,Discus,0.7666666666666667,6.531235554884833e-09,0.3333333333333333,0.07088798787114439,1.0,1.6911233892144742e-17,0.4,0.015643390496754332,0.36666666666666664,0.034580084963334506,0.9,5.78702423789193e-13,0.8,8.466416460035895e-10,0.8333333333333334,9.236090683675521e-11,0.8666666666666667,8.246509538996e-12,1.0,1.6911233892144742e-17,0.23333333333333334,0.39294501397971776,0.13333333333333333,0.9578462903438838,1.0,1.6911233892144742e-17,1.0,1.6911233892144742e-17,0.2,0.5940706297759378
Critical Separation,Ellipsoidal,0.7,2.5000118318420276e-07,0.4,0.015643390496754332,0.9666666666666667,1.0146740335286845e-15,0.3333333333333333,0.07088798787114439,0.4666666666666667,0.0025300622362698397,0.9666666666666667,1.0146740335286845e-15,0.5666666666666667,8.737803591291227e-05,0.9333333333333333,2.993288398909619e-14,1.0,1.6911233892144742e-17,1.0,1.6911233892144742e-17,0.23333333333333334,0.39294501397971776,0.2,0.5940706297759378,1.0,1.6911233892144742e-17,1.0,1.6911233892144742e-17,0.3,0.13500350250095441
Critical Separation,Elliptic,0.7666666666666667,6.531235554884833e-09,0.43333333333333335,0.006548396368058784,0.9666666666666667,1.0146740335286845e-15,0.36666666666666664,0.034580084963334506,0.4,0.015643390496754332,1.0,1.6911233892144742e-17,0.6,2.366488472641374e-05,0.9666666666666667,1.0146740335286845e-15,1.0,1.6911233892144742e-17,1.0,1.6911233892144742e-17,0.43333333333333335,0.006548396368058784,0.26666666666666666,0.23907300248018645,1.0,1.6911233892144742e-17,1.0,1.6911233892144742e-17,0.3333333333333333,0.07088798787114439
Critical Separation,Exponential,0.2,0.5940706297759378,0.43333333333333335,0.006548396368058784,1.0,1.6911233892144742e-17,0.7,2.5000118318420276e-07,0.5666666666666667,8.737803591291227e-05,0.5666666666666667,8.737803591291227e-05,0.9666666666666667,1.0146740335286845e-15,0.7666666666666667,6.531235554884833e-09,0.6333333333333333,5.795481973815609e-06,1.0,1.6911233892144742e-17,0.4,0.015643390496754332,0.2,0.5940706297759378,1.0,1.6911233892144742e-17,1.0,1.6911233892144742e-17,0.3,0.13500350250095441
Critical Separation,Drop Wave,0.4666666666666667,0.0025300622362698397,0.6,2.366488472641374e-05,0.9666666666666667,1.0146740335286845e-15,0.3333333333333333,0.07088798787114439,0.5666666666666667,8.737803591291227e-05,0.9333333333333333,2.993288398909619e-14,0.8,8.466416460035895e-10,0.6666666666666666,1.2750060342394341e-06,0.9,5.78702423789193e-13,1.0,1.6911233892144742e-17,0.43333333333333335,0.006548396368058784,0.23333333333333334,0.39294501397971776,1.0,1.6911233892144742e-17,1.0,1.6911233892144742e-17,0.4,0.015643390496754332
Critical Separation,Egg Crate,0.5,0.0008995776840176799,0.6333333333333333,5.795481973815609e-06,0.5,0.0008995776840176799,0.7,2.5000118318420276e-07,0.6,2.366488472641374e-05,0.7666666666666667,6.531235554884833e-09,0.3333333333333333,0.07088798787114439,0.8333333333333334,9.236090683675521e-11,0.7666666666666667,6.531235554884833e-09,0.9333333333333333,2.993288398909619e-14,0.13333333333333333,0.9578462903438838,0.16666666666666666,0.8079631540901643,1.0,1.6911233892144742e-17,0.9,5.78702423789193e-13,0.16666666666666666,0.8079631540901643
Critical Separation,Price 2,0.26666666666666666,0.23907300248018645,0.3,0.13500350250095441,0.6666666666666666,1.2750060342394341e-06,0.23333333333333334,0.39294501397971776,0.13333333333333333,0.9578462903438838,0.16666666666666666,0.8079631540901643,0.7,2.5000118318420276e-07,0.16666666666666666,0.8079631540901643,0.26666666666666666,0.23907300248018645,0.5666666666666667,8.737803591291227e-05,0.1,0.9988393756362763,0.3333333333333333,0.07088798787114439,0.5666666666666667,8.737803591291227e-05,0.6666666666666666,1.2750060342394341e-06,0.26666666666666666,0.23907300248018645
Critical Separation,Mishra 1,0.26666666666666666,0.23907300248018645,0.3333333333333333,0.07088798787114439,0.3,0.13500350250095441,0.5333333333333333,0.0002933405491362055,0.5333333333333333,0.0002933405491362055,0.26666666666666666,0.23907300248018645,0.2,0.5940706297759378,0.4,0.015643390496754332,0.4666666666666667,0.0025300622362698397,0.13333333333333333,0.9578462903438838,0.26666666666666666,0.23907300248018645,0.23333333333333334,0.39294501397971776,0.3333333333333333,0.07088798787114439,0.3,0.13500350250095441,0.1,0.9988393756362763
Critical Separation,Needle Eye,0.43333333333333335,0.006548396368058784,0.4,0.015643390496754332,1.0,3.382246778428948e-17,0.3,0.13500350250095441,0.4666666666666667,0.0025300622362698397,0.16666666666666666,0.8079631540901643,0.9666666666666667,1.0146740335286845e-15,0.23333333333333334,0.39294501397971776,0.2,0.5940706297759378,0.9666666666666667,1.0146740335286845e-15,0.16666666666666666,0.8079631540901643,0.13333333333333333,0.9578462903438838,1.0,3.382246778428948e-17,1.0,3.382246778428948e-17,0.23333333333333334,0.39294501397971776
Critical Separation,Pinter,0.4,0.015643390496754332,0.26666666666666666,0.23907300248018645,0.9333333333333333,2.993288398909619e-14,0.43333333333333335,0.006548396368058784,0.16666666666666666,0.8079631540901643,0.5,0.0008995776840176799,0.7666666666666667,6.531235554884833e-09,0.43333333333333335,0.006548396368058784,0.5,0.0008995776840176799,1.0,1.6911233892144742e-17,0.4666666666666667,0.0025300622362698397,0.3333333333333333,0.07088798787114439,1.0,1.6911233892144742e-17,1.0,1.6911233892144742e-17,0.43333333333333335,0.006548396368058784
Critical Separation,Qing,0.3,0.13500350250095441,0.4666666666666667,0.0025300622362698397,1.0,1.6911233892144742e-17,0.7333333333333333,4.326943555111202e-08,0.7,2.5000118318420276e-07,0.4,0.015643390496754332,0.9333333333333333,2.993288398909619e-14,0.5666666666666667,8.737803591291227e-05,0.5333333333333333,0.0002933405491362055,1.0,1.6911233892144742e-17,0.6,2.366488472641374e-05,0.4,0.015643390496754332,1.0,1.6911233892144742e-17,1.0,1.6911233892144742e-17,0.26666666666666666,0.23907300248018645
Critical Separation,Rosenbrock,0.26666666666666666,0.23907300248018645,0.3333333333333333,0.07088798787114439,0.8666666666666667,8.246509538996e-12,0.16666666666666666,0.8079631540901643,0.4,0.015643390496754332,0.26666666666666666,0.23907300248018645,0.9,5.78702423789193e-13,0.26666666666666666,0.23907300248018645,0.26666666666666666,0.23907300248018645,0.9666666666666667,1.0146740335286845e-15,0.3,0.13500350250095441,0.13333333333333333,0.9578462903438838,0.9666666666666667,1.0146740335286845e-15,0.9666666666666667,1.0146740335286845e-15,0.3333333333333333,0.07088798787114439
Critical Separation,Schwaffer 7,0.23333333333333334,0.39294501397971776,0.36666666666666664,0.034580084963334506,0.4,0.015643390496754332,0.1,0.9988393756362763,0.4666666666666667,0.0025300622362698397,0.23333333333333334,0.39294501397971776,0.36666666666666664,0.034580084963334506,0.23333333333333334,0.39294501397971776,0.36666666666666664,0.034580084963334506,0.4666666666666667,0.0025300622362698397,0.43333333333333335,0.006548396368058784,0.16666666666666666,0.8079631540901643,0.36666666666666664,0.034580084963334506,0.5666666666666667,8.737803591291227e-05,0.5333333333333333,0.0002933405491362055
Critical Separation,Schwefel $1.2$,0.23333333333333334,0.39294501397971776,0.3,0.13500350250095441,0.6666666666666666,1.2750060342394341e-06,0.1,0.9988393756362763,0.16666666666666666,0.8079631540901643,0.16666666666666666,0.8079631540901643,0.7666666666666667,6.531235554884833e-09,0.3,0.13500350250095441,0.26666666666666666,0.23907300248018645,0.7333333333333333,4.326943555111202e-08,0.3,0.13500350250095441,0.3,0.13500350250095441,0.5666666666666667,8.737803591291227e-05,0.5333333333333333,0.0002933405491362055,0.16666666666666666,0.8079631540901643
Critical Separation,Step 3,0.3,0.13500350250095441,0.6333333333333333,5.795481973815609e-06,1.0,1.6911233892144742e-17,0.6666666666666666,1.2750060342394341e-06,0.5333333333333333,0.0002933405491362055,0.6,2.366488472641374e-05,1.0,1.6911233892144742e-17,0.6666666666666666,1.2750060342394341e-06,0.4666666666666667,0.0025300622362698397,1.0,1.6911233892144742e-17,0.3,0.13500350250095441,0.23333333333333334,0.39294501397971776,1.0,1.6911233892144742e-17,1.0,1.6911233892144742e-17,0.36666666666666664,0.034580084963334506
Critical Separation,Weierstrass,0.3,0.13500350250095441,0.43333333333333335,0.006548396368058784,0.9,5.78702423789193e-13,0.36666666666666664,0.034580084963334506,0.4,0.015643390496754332,0.4666666666666667,0.0025300622362698397,0.7333333333333333,4.326943555111202e-08,0.4666666666666667,0.0025300622362698397,0.4666666666666667,0.0025300622362698397,1.0,1.6911233892144742e-17,0.4666666666666667,0.0025300622362698397,0.36666666666666664,0.034580084963334506,1.0,1.6911233892144742e-17,1.0,1.6911233892144742e-17,0.23333333333333334,0.39294501397971776
MRoC Type A,Attractive Sector,0.4,0.015643390496754332,0.23333333333333334,0.39294501397971776,0.8333333333333334,9.236090683675521e-11,0.3,0.13500350250095441,0.23333333333333334,0.39294501397971776,0.5666666666666667,8.737803591291227e-05,0.8666666666666667,8.246509538996e-12,0.23333333333333334,0.39294501397971776,0.36666666666666664,0.034580084963334506,0.7333333333333333,4.326943555111202e-08,0.36666666666666664,0.034580084963334506,0.23333333333333334,0.39294501397971776,0.7333333333333333,4.326943555111202e-08,0.6666666666666666,1.2750060342394341e-06,0.3,0.13500350250095441
MRoC Type A,Brown,0.16666666666666666,0.8079631540901643,0.16666666666666666,0.8079631540901643,0.8333333333333334,9.236090683675521e-11,0.6666666666666666,1.2750060342394341e-06,0.4,0.015643390496754332,0.23333333333333334,0.39294501397971776,0.7333333333333333,4.326943555111202e-08,0.5666666666666667,8.737803591291227e-05,0.3,0.13500350250095441,0.8,8.466416460035895e-10,0.7333333333333333,4.326943555111202e-08,0.4666666666666667,0.0025300622362698397,0.8333333333333334,9.236090683675521e-11,0.8333333333333334,9.236090683675521e-11,0.3333333333333333,0.07088798787114439
MRoC Type A,Discus,0.3,0.13500350250095441,0.23333333333333334,0.39294501397971776,0.5,0.0008995776840176799,0.23333333333333334,0.39294501397971776,0.23333333333333334,0.39294501397971776,0.4,0.015643390496754332,0.5,0.0008995776840176799,0.5,0.0008995776840176799,0.4666666666666667,0.0025300622362698397,0.5,0.0008995776840176799,0.3333333333333333,0.07088798787114439,0.23333333333333334,0.39294501397971776,0.5,0.0008995776840176799,0.5,0.0008995776840176799,0.16666666666666666,0.8079631540901643
MRoC Type A,Ellipsoidal,0.23333333333333334,0.39294501397971776,0.6666666666666666,1.2750060342394341e-06,0.43333333333333335,0.006548396368058784,0.7666666666666667,6.531235554884833e-09,0.6333333333333333,5.795481973815609e-06,0.5333333333333333,0.0002933405491362055,0.4666666666666667,0.0025300622362698397,0.6666666666666666,1.2750060342394341e-06,0.5,0.0008995776840176799,0.7666666666666667,6.531235554884833e-09,0.3,0.13500350250095441,0.13333333333333333,0.9578462903438838,0.7333333333333333,4.326943555111202e-08,0.6666666666666666,1.2750060342394341e-06,0.3,0.13500350250095441
MRoC Type A,Elliptic,0.3,0.13500350250095441,0.5333333333333333,0.0002933405491362055,0.7,2.5000118318420276e-07,0.6,2.366488472641374e-05,0.6666666666666666,1.2750060342394341e-06,0.6,2.366488472641374e-05,0.6,2.366488472641374e-05,0.6666666666666666,1.2750060342394341e-06,0.7,2.5000118318420276e-07,0.6666666666666666,1.2750060342394341e-06,0.2,0.5940706297759378,0.2,0.5940706297759378,0.7666666666666667,6.531235554884833e-09,0.7666666666666667,6.531235554884833e-09,0.16666666666666666,0.8079631540901643
MRoC Type A,Exponential,0.8,8.466416460035895e-10,0.23333333333333334,0.39294501397971776,0.5333333333333333,0.0002933405491362055,0.43333333333333335,0.006548396368058784,0.2,0.5940706297759378,0.7333333333333333,4.326943555111202e-08,0.9333333333333333,2.993288398909619e-14,0.6333333333333333,5.795481973815609e-06,0.7,2.5000118318420276e-07,0.6,2.366488472641374e-05,0.26666666666666666,0.23907300248018645,0.13333333333333333,0.9578462903438838,0.6666666666666666,1.2750060342394341e-06,0.5666666666666667,8.737803591291227e-05,0.3,0.13500350250095441
MRoC Type A,Drop Wave,0.7666666666666667,6.531235554884833e-09,0.4,0.015643390496754332,0.3333333333333333,0.07088798787114439,0.5,0.0008995776840176799,0.43333333333333335,0.006548396368058784,0.6,2.366488472641374e-05,0.8666666666666667,8.246509538996e-12,0.43333333333333335,0.006548396368058784,0.6333333333333333,5.795481973815609e-06,0.5666666666666667,8.737803591291227e-05,0.23333333333333334,0.39294501397971776,0.16666666666666666,0.8079631540901643,0.7333333333333333,4.326943555111202e-08,0.7,2.5000118318420276e-07,0.23333333333333334,0.39294501397971776
MRoC Type A,Egg Crate,0.16666666666666666,0.8079631540901643,0.5,0.0008995776840176799,0.4,0.015643390496754332,0.6333333333333333,5.795481973815609e-06,0.36666666666666664,0.034580084963334506,0.4666666666666667,0.0025300622362698397,0.5,0.0008995776840176799,0.5333333333333333,0.0002933405491362055,0.3333333333333333,0.07088798787114439,0.6333333333333333,5.795481973815609e-06,0.36666666666666664,0.034580084963334506,0.36666666666666664,0.034580084963334506,0.6333333333333333,5.795481973815609e-06,0.4666666666666667,0.0025300622362698397,0.43333333333333335,0.006548396368058784
MRoC Type A,Price 2,0.2,0.5940706297759378,0.16666666666666666,0.8079631540901643,0.7333333333333333,4.326943555111202e-08,0.43333333333333335,0.006548396368058784,0.26666666666666666,0.23907300248018645,0.2,0.5940706297759378,0.7333333333333333,4.326943555111202e-08,0.3333333333333333,0.07088798787114439,0.16666666666666666,0.8079631540901643,0.7,2.5000118318420276e-07,0.3,0.13500350250095441,0.16666666666666666,0.8079631540901643,0.7,2.5000118318420276e-07,0.7333333333333333,4.326943555111202e-08,0.26666666666666666,0.23907300248018645
MRoC Type A,Mishra 1,0.16666666666666666,0.8079631540901643,0.8,8.466416460035895e-10,0.6,2.366488472641374e-05,0.6666666666666666,1.2750060342394341e-06,0.9,5.78702423789193e-13,0.8,8.466416460035895e-10,0.6,2.366488472641374e-05,0.6666666666666666,1.2750060342394341e-06,0.9,5.78702423789193e-13,0.3,0.13500350250095441,0.26666666666666666,0.23907300248018645,0.2,0.5940706297759378,0.2,0.5940706297759378,0.3333333333333333,0.07088798787114439,0.4,0.015643390496754332
MRoC Type A,Needle Eye,0.3333333333333333,0.07088798787114439,0.2,0.5940706297759378,0.35977011494252875,0.028708371818601832,0.43333333333333335,0.006548396368058784,0.5,0.0008995776840176799,0.3,0.13500350250095441,0.5275862068965518,0.0002351108686005909,0.26666666666666666,0.23907300248018645,0.23333333333333334,0.39294501397971776,0.4264367816091954,0.005470908888920215,0.4,0.015643390496754332,0.5,0.0008995776840176799,0.5597701149425287,8.737803591291224e-05,0.7264367816091954,7.024686185900624e-08,0.23333333333333334,0.39294501397971776
MRoC Type A,Pinter,0.3,0.13500350250095441,0.26666666666666666,0.23907300248018645,0.5333333333333333,0.0002933405491362055,0.3333333333333333,0.07088798787114439,0.23333333333333334,0.39294501397971776,0.13333333333333333,0.9578462903438838,0.6333333333333333,5.795481973815609e-06,0.16666666666666666,0.8079631540901643,0.13333333333333333,0.9578462903438838,0.5666666666666667,8.737803591291227e-05,0.16666666666666666,0.8079631540901643,0.13333333333333333,0.9578462903438838,0.6333333333333333,5.795481973815609e-06,0.6333333333333333,5.795481973815609e-06,0.16666666666666666,0.8079631540901643
MRoC Type A,Qing,0.43333333333333335,0.006548396368058784,0.23333333333333334,0.39294501397971776,0.8,8.466416460035895e-10,0.5,0.0008995776840176799,0.23333333333333334,0.39294501397971776,0.26666666666666666,0.23907300248018645,0.9333333333333333,2.993288398909619e-14,0.4,0.015643390496754332,0.26666666666666666,0.23907300248018645,0.9,5.78702423789193e-13,0.43333333333333335,0.006548396368058784,0.2,0.5940706297759378,0.8333333333333334,9.236090683675521e-11,0.8666666666666667,8.246509538996e-12,0.36666666666666664,0.034580084963334506
MRoC Type A,Rosenbrock,0.5666666666666667,8.737803591291227e-05,0.43333333333333335,0.006548396368058784,0.6666666666666666,1.2750060342394341e-06,0.5333333333333333,0.0002933405491362055,0.5333333333333333,0.0002933405491362055,0.26666666666666666,0.23907300248018645,0.8666666666666667,8.246509538996e-12,0.23333333333333334,0.39294501397971776,0.2,0.5940706297759378,0.7,2.5000118318420276e-07,0.3,0.13500350250095441,0.3,0.13500350250095441,0.7666666666666667,6.531235554884833e-09,0.6666666666666666,1.2750060342394341e-06,0.13333333333333333,0.9578462903438838
MRoC Type A,Schwaffer 7,0.3333333333333333,0.07088798787114439,0.36666666666666664,0.034580084963334506,0.4666666666666667,0.0025300622362698397,0.5666666666666667,8.737803591291227e-05,0.5,0.0008995776840176799,0.3333333333333333,0.07088798787114439,0.4666666666666667,0.0025300622362698397,0.5,0.0008995776840176799,0.5,0.0008995776840176799,0.4666666666666667,0.0025300622362698397,0.36666666666666664,0.034580084963334506,0.4666666666666667,0.0025300622362698397,0.5,0.0008995776840176799,0.43333333333333335,0.006548396368058784,0.2,0.5940706297759378
MRoC Type A,Schwefel $1.2$,0.4,0.015643390496754332,0.2,0.5940706297759378,0.6666666666666666,1.2750060342394341e-06,0.23333333333333334,0.39294501397971776,0.23333333333333334,0.39294501397971776,0.4,0.015643390496754332,0.8,8.466416460035895e-10,0.26666666666666666,0.23907300248018645,0.23333333333333334,0.39294501397971776,0.6,2.366488472641374e-05,0.26666666666666666,0.23907300248018645,0.26666666666666666,0.23907300248018645,0.6,2.366488472641374e-05,0.8,8.466416460035895e-10,0.3,0.13500350250095441
MRoC Type A,Step 3,0.7333333333333333,4.326943555111202e-08,0.26666666666666666,0.23907300248018645,0.26666666666666666,0.23907300248018645,0.4,0.015643390496754332,0.2,0.5940706297759378,0.5666666666666667,8.737803591291227e-05,0.8,8.466416460035895e-10,0.5,0.0008995776840176799,0.7333333333333333,4.326943555111202e-08,0.36666666666666664,0.034580084963334506,0.23333333333333334,0.39294501397971776,0.26666666666666666,0.23907300248018645,0.5,0.0008995776840176799,0.3,0.13500350250095441,0.3333333333333333,0.07088798787114439
MRoC Type A,Weierstrass,0.5666666666666667,8.737803591291227e-05,0.4,0.015643390496754332,0.3,0.13500350250095441,0.6666666666666666,1.2750060342394341e-06,0.43333333333333335,0.006548396368058784,0.26666666666666666,0.23907300248018645,0.7,2.5000118318420276e-07,0.3333333333333333,0.07088798787114439,0.23333333333333334,0.39294501397971776,0.6333333333333333,5.795481973815609e-06,0.4,0.015643390496754332,0.2,0.5940706297759378,0.7333333333333333,4.326943555111202e-08,0.6333333333333333,5.795481973815609e-06,0.26666666666666666,0.23907300248018645
MRoC Type B,Attractive Sector,0.8333333333333334,9.236090683675521e-11,0.9,5.78702423789193e-13,0.6,2.366488472641374e-05,0.9333333333333333,2.993288398909619e-14,1.0,1.6911233892144742e-17,0.23333333333333334,0.39294501397971776,0.4666666666666667,0.0025300622362698397,0.3333333333333333,0.07088798787114439,0.3,0.13500350250095441,0.6,2.366488472641374e-05,0.36666666666666664,0.034580084963334506,0.3,0.13500350250095441,0.5333333333333333,0.0002933405491362055,0.5666666666666667,8.737803591291227e-05,0.16666666666666666,0.8079631540901643
MRoC Type B,Brown,0.9666666666666667,1.0146740335286845e-15,0.9666666666666667,1.0146740335286845e-15,0.8,8.466416460035895e-10,0.9,5.78702423789193e-13,0.9,5.78702423789193e-13,0.4666666666666667,0.0025300622362698397,0.5666666666666667,8.737803591291227e-05,0.4,0.015643390496754332,0.4666666666666667,0.0025300622362698397,0.8,8.466416460035895e-10,0.3,0.13500350250095441,0.13333333333333333,0.9578462903438838,0.7666666666666667,6.531235554884833e-09,0.7666666666666667,6.531235554884833e-09,0.3,0.13500350250095441
MRoC Type B,Discus,0.8333333333333334,9.236090683675521e-11,0.5,0.0008995776840176799,0.5,0.0008995776840176799,0.6666666666666666,1.2750060342394341e-06,0.6,2.366488472641374e-05,0.6,2.366488472641374e-05,0.5,0.0008995776840176799,0.5,0.0008995776840176799,0.6666666666666666,1.2750060342394341e-06,0.5,0.0008995776840176799,0.3,0.13500350250095441,0.2,0.5940706297759378,0.5,0.0008995776840176799,0.5,0.0008995776840176799,0.3,0.13500350250095441
MRoC Type B,Ellipsoidal,0.8666666666666667,8.246509538996e-12,0.5666666666666667,8.737803591291227e-05,0.7,2.5000118318420276e-07,0.8333333333333334,9.236090683675521e-11,0.6,2.366488472641374e-05,0.4666666666666667,0.0025300622362698397,0.7,2.5000118318420276e-07,0.26666666666666666,0.23907300248018645,0.4,0.015643390496754332,0.7,2.5000118318420276e-07,0.3,0.13500350250095441,0.26666666666666666,0.23907300248018645,0.7,2.5000118318420276e-07,0.7,2.5000118318420276e-07,0.3,0.13500350250095441
MRoC Type B,Elliptic,0.9,5.78702423789193e-13,0.5333333333333333,0.0002933405491362055,0.6666666666666666,1.2750060342394341e-06,0.6666666666666666,1.2750060342394341e-06,0.5333333333333333,0.0002933405491362055,0.4666666666666667,0.0025300622362698397,0.6666666666666666,1.2750060342394341e-06,0.26666666666666666,0.23907300248018645,0.4666666666666667,0.0025300622362698397,0.6666666666666666,1.2750060342394341e-06,0.3,0.13500350250095441,0.13333333333333333,0.9578462903438838,0.6666666666666666,1.2750060342394341e-06,0.6666666666666666,1.2750060342394341e-06,0.3,0.13500350250095441
MRoC Type B,Exponential,0.5666666666666667,8.737803591291227e-05,0.3333333333333333,0.07088798787114439,0.5333333333333333,0.0002933405491362055,0.2,0.5940706297759378,0.26666666666666666,0.23907300248018645,0.7333333333333333,4.326943555111202e-08,0.26666666666666666,0.23907300248018645,0.6,2.366488472641374e-05,0.7,2.5000118318420276e-07,0.6666666666666666,1.2750060342394341e-06,0.36666666666666664,0.034580084963334506,0.2,0.5940706297759378,0.5666666666666667,8.737803591291227e-05,0.6666666666666666,1.2750060342394341e-06,0.3333333333333333,0.07088798787114439
MRoC Type B,Drop Wave,0.4,0.015643390496754332,0.2,0.5940706297759378,0.4666666666666667,0.0025300622362698397,0.5,0.0008995776840176799,0.26666666666666666,0.23907300248018645,0.23333333333333334,0.39294501397971776,0.43333333333333335,0.006548396368058784,0.16666666666666666,0.8079631540901643,0.3,0.13500350250095441,0.43333333333333335,0.006548396368058784,0.3333333333333333,0.07088798787114439,0.13333333333333333,0.9578462903438838,0.4,0.015643390496754332,0.43333333333333335,0.006548396368058784,0.3333333333333333,0.07088798787114439
MRoC Type B,Egg Crate,0.23333333333333334,0.39294501397971776,0.6333333333333333,5.795481973815609e-06,0.6,2.366488472641374e-05,0.5666666666666667,8.737803591291227e-05,0.4,0.015643390496754332,0.6333333333333333,5.795481973815609e-06,0.6,2.366488472641374e-05,0.4666666666666667,0.0025300622362698397,0.3333333333333333,0.07088798787114439,0.6,2.366488472641374e-05,0.36666666666666664,0.034580084963334506,0.4,0.015643390496754332,0.6,2.366488472641374e-05,0.6,2.366488472641374e-05,0.26666666666666666,0.23907300248018645
MRoC Type B,Price 2,0.6666666666666666,1.2750060342394341e-06,0.3333333333333333,0.07088798787114439,0.5666666666666667,8.737803591291227e-05,0.3,0.13500350250095441,0.3333333333333333,0.07088798787114439,0.6,2.366488472641374e-05,0.5666666666666667,8.737803591291227e-05,0.4,0.015643390496754332,0.4666666666666667,0.0025300622362698397,0.5666666666666667,8.737803591291227e-05,0.36666666666666664,0.034580084963334506,0.16666666666666666,0.8079631540901643,0.5333333333333333,0.0002933405491362055,0.5666666666666667,8.737803591291227e-05,0.3,0.13500350250095441
MRoC Type B,Mishra 1,0.3333333333333333,0.07088798787114439,0.8,8.466416460035895e-10,0.5,0.0008995776840176799,0.5666666666666667,8.737803591291227e-05,0.7,2.5000118318420276e-07,0.7666666666666667,6.531235554884833e-09,0.5,0.0008995776840176799,0.5333333333333333,0.0002933405491362055,0.7,2.5000118318420276e-07,0.3,0.13500350250095441,0.26666666666666666,0.23907300248018645,0.13333333333333333,0.9578462903438838,0.2,0.5940706297759378,0.26666666666666666,0.23907300248018645,0.2,0.5940706297759378
MRoC Type B,Needle Eye,0.4,0.015643390496754332,0.6,2.366488472641374e-05,0.7931034482758621,1.5239549628064607e-09,0.5,0.0008995776840176799,0.4666666666666667,0.0025300622362698397,0.7,2.5000118318420276e-07,0.7931034482758621,1.5239549628064607e-09,0.6,2.366488472641374e-05,0.6,2.366488472641374e-05,0.7931034482758621,1.5239549628064607e-09,0.23333333333333334,0.39294501397971776,0.26666666666666666,0.23907300248018645,0.7931034482758621,1.5239549628064607e-09,0.7931034482758621,1.5239549628064607e-09,0.1,0.9988393756362763
MRoC Type B,Pinter,0.5,0.0008995776840176799,0.7333333333333333,4.326943555111202e-08,0.6333333333333333,5.795481973815609e-06,0.9,5.78702423789193e-13,0.9333333333333333,2.993288398909619e-14,0.4,0.015643390496754332,0.5333333333333333,0.0002933405491362055,0.6666666666666666,1.2750060342394341e-06,0.6333333333333333,5.795481973815609e-06,0.5666666666666667,8.737803591291227e-05,0.4666666666666667,0.0025300622362698397,0.36666666666666664,0.034580084963334506,0.5666666666666667,8.737803591291227e-05,0.5666666666666667,8.737803591291227e-05,0.3333333333333333,0.07088798787114439
MRoC Type B,Qing,0.26666666666666666,0.23907300248018645,0.43333333333333335,0.006548396368058784,0.6,2.366488472641374e-05,0.6,2.366488472641374e-05,0.5,0.0008995776840176799,0.26666666666666666,0.23907300248018645,0.4666666666666667,0.0025300622362698397,0.4666666666666667,0.0025300622362698397,0.3,0.13500350250095441,0.6,2.366488472641374e-05,0.26666666666666666,0.23907300248018645,0.2,0.5940706297759378,0.5666666666666667,8.737803591291227e-05,0.6,2.366488472641374e-05,0.2,0.5940706297759378
MRoC Type B,Rosenbrock,0.7333333333333333,4.326943555111202e-08,0.8,8.466416460035895e-10,0.7333333333333333,4.326943555111202e-08,0.9666666666666667,1.0146740335286845e-15,0.8,8.466416460035895e-10,0.36666666666666664,0.034580084963334506,0.6666666666666666,1.2750060342394341e-06,0.23333333333333334,0.39294501397971776,0.23333333333333334,0.39294501397971776,0.7,2.5000118318420276e-07,0.5333333333333333,0.0002933405491362055,0.23333333333333334,0.39294501397971776,0.7,2.5000118318420276e-07,0.7,2.5000118318420276e-07,0.4,0.015643390496754332
MRoC Type B,Schwaffer 7,0.36666666666666664,0.034580084963334506,0.3,0.13500350250095441,0.6,2.366488472641374e-05,0.3333333333333333,0.07088798787114439,0.4666666666666667,0.0025300622362698397,0.43333333333333335,0.006548396368058784,0.6,2.366488472641374e-05,0.5333333333333333,0.0002933405491362055,0.5666666666666667,8.737803591291227e-05,0.5666666666666667,8.737803591291227e-05,0.2,0.5940706297759378,0.36666666666666664,0.034580084963334506,0.6,2.366488472641374e-05,0.6,2.366488472641374e-05,0.2,0.5940706297759378
MRoC Type B,Schwefel $1.2$,0.7666666666666667,6.531235554884833e-09,0.6,2.366488472641374e-05,0.5666666666666667,8.737803591291227e-05,0.5333333333333333,0.0002933405491362055,0.4666666666666667,0.0025300622362698397,0.3333333333333333,0.07088798787114439,0.5666666666666667,8.737803591291227e-05,0.36666666666666664,0.034580084963334506,0.43333333333333335,0.006548396368058784,0.36666666666666664,0.034580084963334506,0.23333333333333334,0.39294501397971776,0.16666666666666666,0.8079631540901643,0.43333333333333335,0.006548396368058784,0.3333333333333333,0.07088798787114439,0.13333333333333333,0.9578462903438838
MRoC Type B,Step 3,0.5,0.0008995776840176799,0.36666666666666664,0.034580084963334506,0.8666666666666667,8.246509538996e-12,0.6333333333333333,5.795481973815609e-06,0.2,0.5940706297759378,0.5,0.0008995776840176799,0.7666666666666667,6.531235554884833e-09,0.26666666666666666,0.23907300248018645,0.4666666666666667,0.0025300622362698397,0.9,5.78702423789193e-13,0.43333333333333335,0.006548396368058784,0.26666666666666666,0.23907300248018645,0.9,5.78702423789193e-13,0.9,5.78702423789193e-13,0.5333333333333333,0.0002933405491362055
MRoC Type B,Weierstrass,0.2,0.5940706297759378,0.3,0.13500350250095441,0.4,0.015643390496754332,0.23333333333333334,0.39294501397971776,0.23333333333333334,0.39294501397971776,0.36666666666666664,0.034580084963334506,0.4666666666666667,0.0025300622362698397,0.16666666666666666,0.8079631540901643,0.23333333333333334,0.39294501397971776,0.4666666666666667,0.0025300622362698397,0.4,0.015643390496754332,0.16666666666666666,0.8079631540901643,0.5,0.0008995776840176799,0.4666666666666667,0.0025300622362698397,0.36666666666666664,0.034580084963334506
ERT Mobility,Attractive Sector,0.26666666666666666,0.23907300248018645,0.13333333333333333,0.9578462903438838,0.8666666666666667,8.246509538996e-12,0.5333333333333333,0.0002933405491362055,0.3,0.13500350250095441,0.3,0.13500350250095441,0.9,5.78702423789193e-13,0.7333333333333333,4.326943555111202e-08,0.5666666666666667,8.737803591291227e-05,0.8333333333333334,9.236090683675521e-11,0.4666666666666667,0.0025300622362698397,0.26666666666666666,0.23907300248018645,0.8333333333333334,9.236090683675521e-11,0.8,8.466416460035895e-10,0.36666666666666664,0.034580084963334506
ERT Mobility,Brown,0.5666666666666667,8.737803591291227e-05,0.36666666666666664,0.034580084963334506,0.9,5.78702423789193e-13,0.8333333333333334,9.236090683675521e-11,0.7,2.5000118318420276e-07,0.7,2.5000118318420276e-07,0.7333333333333333,4.326943555111202e-08,0.9,5.78702423789193e-13,0.8,8.466416460035895e-10,0.9,5.78702423789193e-13,0.7333333333333333,4.326943555111202e-08,0.5,0.0008995776840176799,0.8666666666666667,8.246509538996e-12,0.9,5.78702423789193e-13,0.36666666666666664,0.034580084963334506
ERT Mobility,Discus,0.5666666666666667,8.737803591291227e-05,0.4666666666666667,0.0025300622362698397,0.4,0.015643390496754332,0.6,2.366488472641374e-05,0.5666666666666667,8.737803591291227e-05,0.8,8.466416460035895e-10,0.3,0.13500350250095441,0.8666666666666667,8.246509538996e-12,0.9,5.78702423789193e-13,0.6,2.366488472641374e-05,0.4,0.015643390496754332,0.3,0.13500350250095441,0.5666666666666667,8.737803591291227e-05,0.6666666666666666,1.2750060342394341e-06,0.16666666666666666,0.8079631540901643
ERT Mobility,Ellipsoidal,0.26666666666666666,0.23907300248018645,0.7666666666666667,6.531235554884833e-09,0.5333333333333333,0.0002933405491362055,0.8,8.466416460035895e-10,0.7666666666666667,6.531235554884833e-09,0.8333333333333334,9.236090683675521e-11,0.4666666666666667,0.0025300622362698397,0.9,5.78702423789193e-13,0.8333333333333334,9.236090683675521e-11,0.8,8.466416460035895e-10,0.43333333333333335,0.006548396368058784,0.3,0.13500350250095441,0.7666666666666667,6.531235554884833e-09,0.7,2.5000118318420276e-07,0.3333333333333333,0.07088798787114439
ERT Mobility,Elliptic,0.4666666666666667,0.0025300622362698397,0.7333333333333333,4.326943555111202e-08,0.7666666666666667,6.531235554884833e-09,0.7666666666666667,6.531235554884833e-09,0.7666666666666667,6.531235554884833e-09,0.8333333333333334,9.236090683675521e-11,0.6333333333333333,5.795481973815609e-06,0.8333333333333334,9.236090683675521e-11,0.8666666666666667,8.246509538996e-12,0.8,8.466416460035895e-10,0.23333333333333334,0.39294501397971776,0.2,0.5940706297759378,0.8666666666666667,8.246509538996e-12,0.8,8.466416460035895e-10,0.16666666666666666,0.8079631540901643
ERT Mobility,Exponential,0.6,2.366488472641374e-05,0.23333333333333334,0.39294501397971776,0.6666666666666666,1.2750060342394341e-06,0.4666666666666667,0.0025300622362698397,0.26666666666666666,0.23907300248018645,0.43333333333333335,0.006548396368058784,0.9333333333333333,2.993288398909619e-14,0.3,0.13500350250095441,0.43333333333333335,0.006548396368058784,0.7666666666666667,6.531235554884833e-09,0.3333333333333333,0.07088798787114439,0.13333333333333333,0.9578462903438838,0.8,8.466416460035895e-10,0.7666666666666667,6.531235554884833e-09,0.3,0.13500350250095441
ERT Mobility,Drop Wave,0.7333333333333333,4.326943555111202e-08,0.43333333333333335,0.006548396368058784,0.36666666666666664,0.034580084963334506,0.5333333333333333,0.0002933405491362055,0.5,0.0008995776840176799,0.4666666666666667,0.0025300622362698397,0.8333333333333334,9.236090683675521e-11,0.26666666666666666,0.23907300248018645,0.36666666666666664,0.034580084963334506,0.7,2.5000118318420276e-07,0.26666666666666666,0.23907300248018645,0.23333333333333334,0.39294501397971776,0.8333333333333334,9.236090683675521e-11,0.8333333333333334,9.236090683675521e-11,0.23333333333333334,0.39294501397971776
ERT Mobility,Egg Crate,0.23333333333333334,0.39294501397971776,0.6333333333333333,5.795481973815609e-06,0.5,0.0008995776840176799,0.8,8.466416460035895e-10,0.43333333333333335,0.006548396368058784,0.6666666666666666,1.2750060342394341e-06,0.5333333333333333,0.0002933405491362055,0.7666666666666667,6.531235554884833e-09,0.5,0.0008995776840176799,0.6666666666666666,1.2750060342394341e-06,0.4666666666666667,0.0025300622362698397,0.3333333333333333,0.07088798787114439,0.6666666666666666,1.2750060342394341e-06,0.5333333333333333,0.0002933405491362055,0.5333333333333333,0.0002933405491362055
ERT Mobility,Price 2,0.3,0.13500350250095441,0.5,0.0008995776840176799,0.3333333333333333,0.07088798787114439,0.6666666666666666,1.2750060342394341e-06,0.5333333333333333,0.0002933405491362055,0.5666666666666667,8.737803591291227e-05,0.23333333333333334,0.39294501397971776,0.7,2.5000118318420276e-07,0.5333333333333333,0.0002933405491362055,0.5666666666666667,8.737803591291227e-05,0.36666666666666664,0.034580084963334506,0.16666666666666666,0.8079631540901643,0.7,2.5000118318420276e-07,0.43333333333333335,0.006548396368058784,0.3,0.13500350250095441
ERT Mobility,Mishra 1,0.3333333333333333,0.07088798787114439,0.4,0.015643390496754332,0.5,0.0008995776840176799,0.43333333333333335,0.006548396368058784,0.4666666666666667,0.0025300622362698397,0.43333333333333335,0.006548396368058784,0.26666666666666666,0.23907300248018645,0.5333333333333333,0.0002933405491362055,0.4666666666666667,0.0025300622362698397,0.16666666666666666,0.8079631540901643,0.26666666666666666,0.23907300248018645,0.16666666666666666,0.8079631540901643,0.3,0.13500350250095441,0.23333333333333334,0.39294501397971776,0.26666666666666666,0.23907300248018645
ERT Mobility,Needle Eye,0.23333333333333334,0.39294501397971776,0.16666666666666666,0.8079631540901643,0.3195402298850575,0.07922586852484394,0.5666666666666667,8.737803591291227e-05,0.6333333333333333,5.795481973815609e-06,0.26666666666666666,0.23907300248018645,0.4517241379310345,0.0035949937917084973,0.6,2.366488472641374e-05,0.7333333333333333,4.326943555111202e-08,0.38275862068965516,0.02130772984559827,0.43333333333333335,0.006548396368058784,0.5333333333333333,0.0002933405491362055,0.5919540229885057,2.9857125466963447e-05,0.6931034482758621,3.7118974028521043e-07,0.2,0.5940706297759378
ERT Mobility,Pinter,0.2,0.5940706297759378,0.36666666666666664,0.034580084963334506,0.6,2.366488472641374e-05,0.6666666666666666,1.2750060342394341e-06,0.4666666666666667,0.0025300622362698397,0.5,0.0008995776840176799,0.5333333333333333,0.0002933405491362055,0.7666666666666667,6.531235554884833e-09,0.5333333333333333,0.0002933405491362055,0.6333333333333333,5.795481973815609e-06,0.3,0.13500350250095441,0.2,0.5940706297759378,0.6666666666666666,1.2750060342394341e-06,0.6666666666666666,1.2750060342394341e-06,0.23333333333333334,0.39294501397971776
ERT Mobility,Qing,0.36666666666666664,0.034580084963334506,0.36666666666666664,0.034580084963334506,0.8,8.466416460035895e-10,0.7,2.5000118318420276e-07,0.36666666666666664,0.034580084963334506,0.5,0.0008995776840176799,0.8,8.466416460035895e-10,0.7666666666666667,6.531235554884833e-09,0.5666666666666667,8.737803591291227e-05,0.9,5.78702423789193e-13,0.5666666666666667,8.737803591291227e-05,0.13333333333333333,0.9578462903438838,0.8666666666666667,8.246509538996e-12,0.8666666666666667,8.246509538996e-12,0.43333333333333335,0.006548396368058784
ERT Mobility,Rosenbrock,0.26666666666666666,0.23907300248018645,0.4666666666666667,0.0025300622362698397,0.8,8.466416460035895e-10,0.6333333333333333,5.795481973815609e-06,0.6,2.366488472641374e-05,0.4666666666666667,0.0025300622362698397,0.9,5.78702423789193e-13,0.6666666666666666,1.2750060342394341e-06,0.6,2.366488472641374e-05,0.8666666666666667,8.246509538996e-12,0.36666666666666664,0.034580084963334506,0.3333333333333333,0.07088798787114439,0.9,5.78702423789193e-13,0.8333333333333334,9.236090683675521e-11,0.16666666666666666,0.8079631540901643
ERT Mobility,Schwaffer 7,0.3,0.13500350250095441,0.4666666666666667,0.0025300622362698397,0.3333333333333333,0.07088798787114439,0.6666666666666666,1.2750060342394341e-06,0.5333333333333333,0.0002933405491362055,0.6,2.366488472641374e-05,0.5,0.0008995776840176799,0.8,8.466416460035895e-10,0.6666666666666666,1.2750060342394341e-06,0.4666666666666667,0.0025300622362698397,0.4,0.015643390496754332,0.43333333333333335,0.006548396368058784,0.6333333333333333,5.795481973815609e-06,0.5,0.0008995776840176799,0.16666666666666666,0.8079631540901643
ERT Mobility,Schwefel $1.2$,0.13333333333333333,0.9578462903438838,0.26666666666666666,0.23907300248018645,0.6333333333333333,5.795481973815609e-06,0.3333333333333333,0.07088798787114439,0.43333333333333335,0.006548396368058784,0.26666666666666666,0.23907300248018645,0.7,2.5000118318420276e-07,0.4,0.015643390496754332,0.4666666666666667,0.0025300622362698397,0.6333333333333333,5.795481973815609e-06,0.3,0.13500350250095441,0.23333333333333334,0.39294501397971776,0.6666666666666666,1.2750060342394341e-06,0.7666666666666667,6.531235554884833e-09,0.16666666666666666,0.8079631540901643
ERT Mobility,Step 3,0.6,2.366488472641374e-05,0.26666666666666666,0.23907300248018645,0.3,0.13500350250095441,0.5,0.0008995776840176799,0.26666666666666666,0.23907300248018645,0.4,0.015643390496754332,0.8,8.466416460035895e-10,0.23333333333333334,0.39294501397971776,0.4,0.015643390496754332,0.43333333333333335,0.006548396368058784,0.3,0.13500350250095441,0.23333333333333334,0.39294501397971776,0.7,2.5000118318420276e-07,0.43333333333333335,0.006548396368058784,0.43333333333333335,0.006548396368058784
ERT Mobility,Weierstrass,0.3333333333333333,0.07088798787114439,0.43333333333333335,0.006548396368058784,0.4666666666666667,0.0025300622362698397,0.8,8.466416460035895e-10,0.5666666666666667,8.737803591291227e-05,0.43333333333333335,0.006548396368058784,0.6,2.366488472641374e-05,0.8,8.466416460035895e-10,0.5666666666666667,8.737803591291227e-05,0.6333333333333333,5.795481973815609e-06,0.4666666666666667,0.0025300622362698397,0.23333333333333334,0.39294501397971776,0.7,2.5000118318420276e-07,0.6333333333333333,5.795481973815609e-06,0.26666666666666666,0.23907300248018645
Critical Mobility,Attractive Sector,0.23333333333333334,0.39294501397971776,0.9,5.78702423789193e-13,0.9666666666666667,1.0146740335286845e-15,0.9333333333333333,2.993288398909619e-14,1.0,1.6911233892144742e-17,0.7666666666666667,6.531235554884833e-09,0.9666666666666667,1.0146740335286845e-15,0.8666666666666667,8.246509538996e-12,0.9333333333333333,2.993288398909619e-14,0.9666666666666667,1.0146740335286845e-15,0.36666666666666664,0.034580084963334506,0.3,0.13500350250095441,0.9333333333333333,2.993288398909619e-14,0.9666666666666667,1.0146740335286845e-15,0.2,0.5940706297759378
Critical Mobility,Brown,0.5333333333333333,0.0002933405491362055,0.9666666666666667,1.0146740335286845e-15,0.9333333333333333,2.993288398909619e-14,0.9333333333333333,2.993288398909619e-14,0.8666666666666667,8.246509538996e-12,0.5666666666666667,8.737803591291227e-05,0.9333333333333333,2.993288398909619e-14,0.6333333333333333,5.795481973815609e-06,0.5333333333333333,0.0002933405491362055,0.9333333333333333,2.993288398909619e-14,0.26666666666666666,0.23907300248018645,0.13333333333333333,0.9578462903438838,0.9333333333333333,2.993288398909619e-14,0.9333333333333333,2.993288398909619e-14,0.3,0.13500350250095441
Critical Mobility,Discus,0.5,0.0008995776840176799,0.43333333333333335,0.006548396368058784,0.9333333333333333,2.993288398909619e-14,0.5666666666666667,8.737803591291227e-05,0.5,0.0008995776840176799,0.23333333333333334,0.39294501397971776,0.9333333333333333,2.993288398909619e-14,0.3,0.13500350250095441,0.16666666666666666,0.8079631540901643,0.9333333333333333,2.993288398909619e-14,0.26666666666666666,0.23907300248018645,0.2,0.5940706297759378,0.9333333333333333,2.993288398909619e-14,0.9333333333333333,2.993288398909619e-14,0.3,0.13500350250095441
Critical Mobility,Ellipsoidal,0.3333333333333333,0.07088798787114439,0.5333333333333333,0.0002933405491362055,0.8666666666666667,8.246509538996e-12,0.7,2.5000118318420276e-07,0.5333333333333333,0.0002933405491362055,0.3,0.13500350250095441,0.8666666666666667,8.246509538996e-12,0.5333333333333333,0.0002933405491362055,0.36666666666666664,0.034580084963334506,0.8333333333333334,9.236090683675521e-11,0.26666666666666666,0.23907300248018645,0.26666666666666666,0.23907300248018645,0.8333333333333334,9.236090683675521e-11,0.8333333333333334,9.236090683675521e-11,0.3,0.13500350250095441
Critical Mobility,Elliptic,0.5333333333333333,0.0002933405491362055,0.43333333333333335,0.006548396368058784,0.9333333333333333,2.993288398909619e-14,0.6333333333333333,5.795481973815609e-06,0.4666666666666667,0.0025300622362698397,0.26666666666666666,0.23907300248018645,0.9333333333333333,2.993288398909619e-14,0.43333333333333335,0.006548396368058784,0.26666666666666666,0.23907300248018645,0.9,5.78702423789193e-13,0.23333333333333334,0.39294501397971776,0.2,0.5940706297759378,0.8666666666666667,8.246509538996e-12,0.8666666666666667,8.246509538996e-12,0.26666666666666666,0.23907300248018645
Critical Mobility,Exponential,0.8,8.466416460035895e-10,0.5,0.0008995776840176799,0.9666666666666667,1.0146740335286845e-15,0.5666666666666667,8.737803591291227e-05,0.5666666666666667,8.737803591291227e-05,0.9666666666666667,1.0146740335286845e-15,0.9666666666666667,1.0146740335286845e-15,0.9666666666666667,1.0146740335286845e-15,0.9666666666666667,1.0146740335286845e-15,0.9333333333333333,2.993288398909619e-14,0.16666666666666666,0.8079631540901643,0.1,0.9988393756362763,0.9333333333333333,2.993288398909619e-14,0.9,5.78702423789193e-13,0.16666666666666666,0.8079631540901643
Critical Mobility,Drop Wave,0.5666666666666667,8.737803591291227e-05,0.23333333333333334,0.39294501397971776,0.7666666666666667,6.531235554884833e-09,0.3,0.13500350250095441,0.26666666666666666,0.23907300248018645,0.5666666666666667,8.737803591291227e-05,0.9,5.78702423789193e-13,0.6,2.366488472641374e-05,0.6333333333333333,5.795481973815609e-06,0.7,2.5000118318420276e-07,0.1,0.9988393756362763,0.16666666666666666,0.8079631540901643,0.7,2.5000118318420276e-07,0.7,2.5000118318420276e-07,0.13333333333333333,0.9578462903438838
Critical Mobility,Egg Crate,0.36666666666666664,0.034580084963334506,0.36666666666666664,0.034580084963334506,0.8666666666666667,8.246509538996e-12,0.2,0.5940706297759378,0.2,0.5940706297759378,0.23333333333333334,0.39294501397971776,0.8666666666666667,8.246509538996e-12,0.36666666666666664,0.034580084963334506,0.4,0.015643390496754332,0.8666666666666667,8.246509538996e-12,0.43333333333333335,0.006548396368058784,0.36666666666666664,0.034580084963334506,0.8666666666666667,8.246509538996e-12,0.8333333333333334,9.236090683675521e-11,0.23333333333333334,0.39294501397971776
Critical Mobility,Price 2,0.6333333333333333,5.795481973815609e-06,0.4666666666666667,0.0025300622362698397,0.9666666666666667,1.0146740335286845e-15,0.3,0.13500350250095441,0.5,0.0008995776840176799,0.7333333333333333,4.326943555111202e-08,0.9666666666666667,1.0146740335286845e-15,0.6,2.366488472641374e-05,0.6,2.366488472641374e-05,0.9333333333333333,2.993288398909619e-14,0.26666666666666666,0.23907300248018645,0.2,0.5940706297759378,0.9666666666666667,1.0146740335286845e-15,0.9333333333333333,2.993288398909619e-14,0.23333333333333334,0.39294501397971776
Critical Mobility,Mishra 1,0.16666666666666666,0.8079631540901643,1.0,1.6911233892144742e-17,0.9,5.78702423789193e-13,0.9333333333333333,2.993288398909619e-14,1.0,1.6911233892144742e-17,1.0,1.6911233892144742e-17,0.9,5.78702423789193e-13,0.9333333333333333,2.993288398909619e-14,1.0,1.6911233892144742e-17,0.2,0.5940706297759378,0.13333333333333333,0.9578462903438838,0.16666666666666666,0.8079631540901643,0.13333333333333333,0.9578462903438838,0.26666666666666666,0.23907300248018645,0.23333333333333334,0.39294501397971776
Critical Mobility,Needle Eye,0.7333333333333333,4.326943555111202e-08,0.7,2.5000118318420276e-07,0.7586206896551724,1.15385161469632e-08,0.5666666666666667,8.737803591291227e-05,0.5,0.0008995776840176799,0.8666666666666667,8.246509538996e-12,0.7931034482758621,1.5239549628064607e-09,0.7333333333333333,4.326943555111202e-08,0.8333333333333334,9.236090683675521e-11,0.5885057471264368,3.707017864052201e-05,0.16666666666666666,0.8079631540901643,0.23333333333333334,0.39294501397971776,0.6241379310344828,8.765815428074186e-06,0.6919540229885057,4.055786472782099e-07,0.13333333333333333,0.9578462903438838
Critical Mobility,Pinter,0.13333333333333333,0.9578462903438838,0.7666666666666667,6.531235554884833e-09,0.8666666666666667,8.246509538996e-12,0.9333333333333333,2.993288398909619e-14,0.9333333333333333,2.993288398909619e-14,0.7333333333333333,4.326943555111202e-08,0.8666666666666667,8.246509538996e-12,0.8333333333333334,9.236090683675521e-11,0.8333333333333334,9.236090683675521e-11,0.8666666666666667,8.246509538996e-12,0.5,0.0008995776840176799,0.36666666666666664,0.034580084963334506,0.8333333333333334,9.236090683675521e-11,0.8666666666666667,8.246509538996e-12,0.3,0.13500350250095441
Critical Mobility,Qing,0.36666666666666664,0.034580084963334506,0.6,2.366488472641374e-05,0.9333333333333333,2.993288398909619e-14,0.8333333333333334,9.236090683675521e-11,0.6666666666666666,1.2750060342394341e-06,0.7,2.5000118318420276e-07,0.9666666666666667,1.0146740335286845e-15,0.8666666666666667,8.246509538996e-12,0.8,8.466416460035895e-10,0.9333333333333333,2.993288398909619e-14,0.4,0.015643390496754332,0.23333333333333334,0.39294501397971776,0.9333333333333333,2.993288398909619e-14,0.9333333333333333,2.993288398909619e-14,0.2,0.5940706297759378
Critical Mobility,Rosenbrock,0.3333333333333333,0.07088798787114439,0.8,8.466416460035895e-10,1.0,1.6911233892144742e-17,0.9666666666666667,1.0146740335286845e-15,0.8,8.466416460035895e-10,0.6,2.366488472641374e-05,1.0,1.6911233892144742e-17,0.8666666666666667,8.246509538996e-12,0.6666666666666666,1.2750060342394341e-06,1.0,1.6911233892144742e-17,0.5,0.0008995776840176799,0.23333333333333334,0.39294501397971776,1.0,1.6911233892144742e-17,1.0,1.6911233892144742e-17,0.4,0.015643390496754332
Critical Mobility,Schwaffer 7,0.36666666666666664,0.034580084963334506,0.3333333333333333,0.07088798787114439,0.8333333333333334,9.236090683675521e-11,0.3333333333333333,0.07088798787114439,0.43333333333333335,0.006548396368058784,0.5,0.0008995776840176799,0.8333333333333334,9.236090683675521e-11,0.5,0.0008995776840176799,0.5666666666666667,8.737803591291227e-05,0.6333333333333333,5.795481973815609e-06,0.16666666666666666,0.8079631540901643,0.13333333333333333,0.9578462903438838,0.7333333333333333,4.326943555111202e-08,0.6333333333333333,5.795481973815609e-06,0.23333333333333334,0.39294501397971776
Critical Mobility,Schwefel $1.2$,0.26666666666666666,0.23907300248018645,0.8666666666666667,8.246509538996e-12,0.8666666666666667,8.246509538996e-12,0.8333333333333334,9.236090683675521e-11,0.8666666666666667,8.246509538996e-12,0.8333333333333334,9.236090683675521e-11,0.8666666666666667,8.246509538996e-12,0.8,8.466416460035895e-10,0.7666666666666667,6.531235554884833e-09,0.8,8.466416460035895e-10,0.2,0.5940706297759378,0.23333333333333334,0.39294501397971776,0.8,8.466416460035895e-10,0.8,8.466416460035895e-10,0.1,0.9988393756362763
Critical Mobility,Step 3,0.8,8.466416460035895e-10,0.43333333333333335,0.006548396368058784,0.6,2.366488472641374e-05,0.4666666666666667,0.0025300622362698397,0.6,2.366488472641374e-05,0.9,5.78702423789193e-13,0.9,5.78702423789193e-13,0.9,5.78702423789193e-13,0.9333333333333333,2.993288398909619e-14,0.36666666666666664,0.034580084963334506,0.16666666666666666,0.8079631540901643,0.3333333333333333,0.07088798787114439,0.23333333333333334,0.39294501397971776,0.13333333333333333,0.9578462903438838,0.23333333333333334,0.39294501397971776
Critical Mobility,Weierstrass,0.5,0.0008995776840176799,0.3,0.13500350250095441,0.8666666666666667,8.246509538996e-12,0.2,0.5940706297759378,0.3333333333333333,0.07088798787114439,0.6,2.366488472641374e-05,0.8666666666666667,8.246509538996e-12,0.5666666666666667,8.737803591291227e-05,0.6333333333333333,5.795481973815609e-06,0.8666666666666667,8.246509538996e-12,0.23333333333333334,0.39294501397971776,0.13333333333333333,0.9578462903438838,0.8666666666666667,8.246509538996e-12,0.8333333333333334,9.236090683675521e-11,0.2,0.5940706297759378
ntotal*,Attractive Sector,0.16666666666666666,0.8079631540901643,0.9666666666666667,1.0146740335286845e-15,1.0,1.6911233892144742e-17,1.0,1.6911233892144742e-17,0.9666666666666667,1.0146740335286845e-15,0.9666666666666667,1.0146740335286845e-15,1.0,1.6911233892144742e-17,1.0,1.6911233892144742e-17,1.0,1.6911233892144742e-17,1.0,1.6911233892144742e-17,0.8333333333333334,9.236090683675521e-11,0.4666666666666667,0.0025300622362698397,1.0,1.6911233892144742e-17,1.0,1.6911233892144742e-17,0.7666666666666667,6.531235554884833e-09
ntotal*,Brown,0.26666666666666666,0.23907300248018645,1.0,1.6911233892144742e-17,1.0,1.6911233892144742e-17,1.0,1.6911233892144742e-17,1.0,1.6911233892144742e-17,0.9,5.78702423789193e-13,1.0,1.6911233892144742e-17,1.0,1.6911233892144742e-17,1.0,1.6911233892144742e-17,1.0,1.6911233892144742e-17,0.9666666666666667,1.0146740335286845e-15,0.7333333333333333,4.326943555111202e-08,1.0,1.6911233892144742e-17,1.0,1.6911233892144742e-17,0.8,8.466416460035895e-10
ntotal*,Discus,0.6666666666666666,1.2750060342394341e-06,0.7666666666666667,6.531235554884833e-09,1.0,1.6911233892144742e-17,0.9333333333333333,2.993288398909619e-14,0.9,5.78702423789193e-13,0.8333333333333334,9.236090683675521e-11,1.0,1.6911233892144742e-17,1.0,1.6911233892144742e-17,0.9666666666666667,1.0146740335286845e-15,1.0,1.6911233892144742e-17,0.5,0.0008995776840176799,0.4,0.015643390496754332,1.0,1.6911233892144742e-17,1.0,1.6911233892144742e-17,0.3,0.13500350250095441
ntotal*,Ellipsoidal,0.3333333333333333,0.07088798787114439,0.9666666666666667,1.0146740335286845e-15,1.0,1.6911233892144742e-17,0.9666666666666667,1.0146740335286845e-15,0.9666666666666667,1.0146740335286845e-15,1.0,1.6911233892144742e-17,1.0,1.6911233892144742e-17,1.0,1.6911233892144742e-17,1.0,1.6911233892144742e-17,1.0,1.6911233892144742e-17,0.8666666666666667,8.246509538996e-12,0.4666666666666667,0.0025300622362698397,1.0,1.6911233892144742e-17,1.0,1.6911233892144742e-17,0.7666666666666667,6.531235554884833e-09
ntotal*,Elliptic,0.2,0.5940706297759378,1.0,1.6911233892144742e-17,1.0,1.6911233892144742e-17,1.0,1.6911233892144742e-17,1.0,1.6911233892144742e-17,1.0,1.6911233892144742e-17,1.0,1.6911233892144742e-17,1.0,1.6911233892144742e-17,1.0,1.6911233892144742e-17,1.0,1.6911233892144742e-17,0.8666666666666667,8.246509538996e-12,0.5666666666666667,8.737803591291227e-05,1.0,1.6911233892144742e-17,1.0,1.6911233892144742e-17,0.6,2.366488472641374e-05
ntotal*,Exponential,0.23333333333333334,0.39294501397971776,0.8,8.466416460035895e-10,1.0,1.6911233892144742e-17,1.0,1.6911233892144742e-17,0.8666666666666667,8.246509538996e-12,0.8666666666666667,8.246509538996e-12,1.0,1.6911233892144742e-17,0.9666666666666667,1.0146740335286845e-15,0.9333333333333333,2.993288398909619e-14,1.0,1.6911233892144742e-17,0.9,5.78702423789193e-13,0.4,0.015643390496754332,1.0,1.6911233892144742e-17,1.0,1.6911233892144742e-17,0.8666666666666667,8.246509538996e-12
ntotal*,Drop Wave,0.9333333333333333,2.993288398909619e-14,0.9333333333333333,2.993288398909619e-14,1.0,1.6911233892144742e-17,1.0,1.6911233892144742e-17,1.0,1.6911233892144742e-17,0.3333333333333333,0.07088798787114439,1.0,1.6911233892144742e-17,0.9,5.78702423789193e-13,0.3,0.13500350250095441,1.0,1.6911233892144742e-17,0.9,5.78702423789193e-13,0.43333333333333335,0.006548396368058784,1.0,1.6911233892144742e-17,1.0,1.6911233892144742e-17,0.7333333333333333,4.326943555111202e-08
ntotal*,Egg Crate,0.43333333333333335,0.006548396368058784,0.9333333333333333,2.993288398909619e-14,1.0,1.6911233892144742e-17,1.0,1.6911233892144742e-17,0.9666666666666667,1.0146740335286845e-15,0.7,2.5000118318420276e-07,1.0,1.6911233892144742e-17,1.0,1.6911233892144742e-17,0.8,8.466416460035895e-10,1.0,1.6911233892144742e-17,0.7333333333333333,4.326943555111202e-08,0.23333333333333334,0.39294501397971776,1.0,1.6911233892144742e-17,1.0,1.6911233892144742e-17,0.7333333333333333,4.326943555111202e-08
ntotal*,Price 2,0.6,2.366488472641374e-05,0.9333333333333333,2.993288398909619e-14,1.0,1.6911233892144742e-17,1.0,1.6911233892144742e-17,1.0,1.6911233892144742e-17,0.7666666666666667,6.531235554884833e-09,1.0,1.6911233892144742e-17,0.8666666666666667,8.246509538996e-12,0.9,5.78702423789193e-13,1.0,1.6911233892144742e-17,0.3333333333333333,0.07088798787114439,0.3,0.13500350250095441,1.0,1.6911233892144742e-17,1.0,1.6911233892144742e-17,0.6,2.366488472641374e-05
ntotal*,Mishra 1,0.5333333333333333,0.0002933405491362055,1.0,1.6911233892144742e-17,1.0,1.6911233892144742e-17,1.0,1.6911233892144742e-17,1.0,1.6911233892144742e-17,1.0,1.6911233892144742e-17,1.0,1.6911233892144742e-17,1.0,1.6911233892144742e-17,1.0,1.6911233892144742e-17,1.0,1.6911233892144742e-17,0.3333333333333333,0.07088798787114439,0.3,0.13500350250095441,1.0,1.6911233892144742e-17,1.0,1.6911233892144742e-17,0.43333333333333335,0.006548396368058784
ntotal*,Needle Eye,0.4666666666666667,0.0025300622362698397,0.6333333333333333,5.795481973815609e-06,1.0,3.382246778428948e-17,0.7333333333333333,4.326943555111202e-08,0.7333333333333333,4.326943555111202e-08,0.9333333333333333,2.993288398909619e-14,1.0,3.382246778428948e-17,0.9666666666666667,1.0146740335286845e-15,0.9666666666666667,1.0146740335286845e-15,1.0,3.382246778428948e-17,0.5666666666666667,8.737803591291227e-05,0.4,0.015643390496754332,1.0,3.382246778428948e-17,1.0,3.382246778428948e-17,0.23333333333333334,0.39294501397971776
ntotal*,Pinter,0.13333333333333333,0.9578462903438838,0.9666666666666667,1.0146740335286845e-15,1.0,1.6911233892144742e-17,1.0,1.6911233892144742e-17,1.0,1.6911233892144742e-17,0.8666666666666667,8.246509538996e-12,1.0,1.6911233892144742e-17,1.0,1.6911233892144742e-17,0.9333333333333333,2.993288398909619e-14,1.0,1.6911233892144742e-17,1.0,1.6911233892144742e-17,0.43333333333333335,0.006548396368058784,1.0,1.6911233892144742e-17,1.0,1.6911233892144742e-17,0.9333333333333333,2.993288398909619e-14
ntotal*,Qing,0.4,0.015643390496754332,0.7666666666666667,6.531235554884833e-09,1.0,1.6911233892144742e-17,1.0,1.6911233892144742e-17,0.9666666666666667,1.0146740335286845e-15,0.8666666666666667,8.246509538996e-12,1.0,1.6911233892144742e-17,1.0,1.6911233892144742e-17,1.0,1.6911233892144742e-17,1.0,1.6911233892144742e-17,0.7666666666666667,6.531235554884833e-09,0.36666666666666664,0.034580084963334506,1.0,1.6911233892144742e-17,1.0,1.6911233892144742e-17,0.6333333333333333,5.795481973815609e-06
ntotal*,Rosenbrock,0.13333333333333333,0.9578462903438838,0.8666666666666667,8.246509538996e-12,1.0,1.6911233892144742e-17,1.0,1.6911233892144742e-17,0.9666666666666667,1.0146740335286845e-15,0.7333333333333333,4.326943555111202e-08,1.0,1.6911233892144742e-17,1.0,1.6911233892144742e-17,0.9666666666666667,1.0146740335286845e-15,1.0,1.6911233892144742e-17,0.8,8.466416460035895e-10,0.43333333333333335,0.006548396368058784,1.0,1.6911233892144742e-17,1.0,1.6911233892144742e-17,0.6333333333333333,5.795481973815609e-06
ntotal*,Schwaffer 7,0.3333333333333333,0.07088798787114439,0.7,2.5000118318420276e-07,1.0,1.6911233892144742e-17,0.7,2.5000118318420276e-07,0.8333333333333334,9.236090683675521e-11,0.5666666666666667,8.737803591291227e-05,0.9,5.78702423789193e-13,0.5,0.0008995776840176799,0.6,2.366488472641374e-05,1.0,1.6911233892144742e-17,0.43333333333333335,0.006548396368058784,0.16666666666666666,0.8079631540901643,1.0,1.6911233892144742e-17,1.0,1.6911233892144742e-17,0.5,0.0008995776840176799
ntotal*,Schwefel $1.2$,0.6,2.366488472641374e-05,0.9666666666666667,1.0146740335286845e-15,1.0,1.6911233892144742e-17,1.0,1.6911233892144742e-17,1.0,1.6911233892144742e-17,0.6666666666666666,1.2750060342394341e-06,1.0,1.6911233892144742e-17,0.9666666666666667,1.0146740335286845e-15,0.7666666666666667,6.531235554884833e-09,1.0,1.6911233892144742e-17,0.8,8.466416460035895e-10,0.2,0.5940706297759378,1.0,1.6911233892144742e-17,1.0,1.6911233892144742e-17,0.7333333333333333,4.326943555111202e-08
ntotal*,Step 3,0.36666666666666664,0.034580084963334506,1.0,1.6911233892144742e-17,1.0,1.6911233892144742e-17,1.0,1.6911233892144742e-17,1.0,1.6911233892144742e-17,0.7666666666666667,6.531235554884833e-09,1.0,1.6911233892144742e-17,0.9666666666666667,1.0146740335286845e-15,0.9333333333333333,2.993288398909619e-14,1.0,1.6911233892144742e-17,0.9,5.78702423789193e-13,0.4666666666666667,0.0025300622362698397,1.0,1.6911233892144742e-17,1.0,1.6911233892144742e-17,0.8,8.466416460035895e-10
ntotal*,Weierstrass,0.13333333333333333,0.9578462903438838,0.9,5.78702423789193e-13,1.0,1.6911233892144742e-17,1.0,1.6911233892144742e-17,1.0,1.6911233892144742e-17,0.9333333333333333,2.993288398909619e-14,1.0,1.6911233892144742e-17,1.0,1.6911233892144742e-17,1.0,1.6911233892144742e-17,1.0,1.6911233892144742e-17,0.9333333333333333,2.993288398909619e-14,0.43333333333333335,0.006548396368058784,1.0,1.6911233892144742e-17,1.0,1.6911233892144742e-17,0.5333333333333333,0.0002933405491362055
nbest*,Attractive Sector,0.4,0.015643390496754332,0.6,2.366488472641374e-05,1.0,1.6911233892144742e-17,0.8666666666666667,8.246509538996e-12,0.8,8.466416460035895e-10,0.6666666666666666,1.2750060342394341e-06,0.8,8.466416460035895e-10,0.9,5.78702423789193e-13,0.8666666666666667,8.246509538996e-12,1.0,1.6911233892144742e-17,0.4,0.015643390496754332,0.26666666666666666,0.23907300248018645,1.0,1.6911233892144742e-17,1.0,1.6911233892144742e-17,0.3333333333333333,0.07088798787114439
nbest*,Brown,0.5333333333333333,0.0002933405491362055,0.8666666666666667,8.246509538996e-12,1.0,1.6911233892144742e-17,1.0,1.6911233892144742e-17,1.0,1.6911233892144742e-17,0.9,5.78702423789193e-13,0.8,8.466416460035895e-10,1.0,1.6911233892144742e-17,0.9666666666666667,1.0146740335286845e-15,1.0,1.6911233892144742e-17,0.5666666666666667,8.737803591291227e-05,0.43333333333333335,0.006548396368058784,1.0,1.6911233892144742e-17,1.0,1.6911233892144742e-17,0.36666666666666664,0.034580084963334506
nbest*,Discus,0.6666666666666666,1.2750060342394341e-06,0.3333333333333333,0.07088798787114439,0.6666666666666666,1.2750060342394341e-06,0.3333333333333333,0.07088798787114439,0.3333333333333333,0.07088798787114439,1.0,1.6911233892144742e-17,0.0,1.0,1.0,1.6911233892144742e-17,1.0,1.6911233892144742e-17,1.0,1.6911233892144742e-17,0.0,1.0,0.0,1.0,1.0,1.6911233892144742e-17,1.0,1.6911233892144742e-17,0.0,1.0
nbest*,Ellipsoidal,0.6,2.366488472641374e-05,0.9333333333333333,2.993288398909619e-14,0.6,2.366488472641374e-05,0.9666666666666667,1.0146740335286845e-15,0.9666666666666667,1.0146740335286845e-15,1.0,1.6911233892144742e-17,0.0,1.0,1.0,1.6911233892144742e-17,1.0,1.6911233892144742e-17,1.0,1.6911233892144742e-17,0.4666666666666667,0.0025300622362698397,0.23333333333333334,0.39294501397971776,1.0,1.6911233892144742e-17,1.0,1.6911233892144742e-17,0.36666666666666664,0.034580084963334506
nbest*,Elliptic,0.5,0.0008995776840176799,0.5,0.0008995776840176799,0.5,0.0008995776840176799,0.5,0.0008995776840176799,0.5,0.0008995776840176799,1.0,1.6911233892144742e-17,0.0,1.0,1.0,1.6911233892144742e-17,1.0,1.6911233892144742e-17,1.0,1.6911233892144742e-17,0.0,1.0,0.0,1.0,1.0,1.6911233892144742e-17,1.0,1.6911233892144742e-17,0.0,1.0
nbest*,Exponential,0.36666666666666664,0.034580084963334506,0.5333333333333333,0.0002933405491362055,0.9666666666666667,1.0146740335286845e-15,0.6333333333333333,5.795481973815609e-06,0.5333333333333333,0.0002933405491362055,0.2,0.5940706297759378,0.8,8.466416460035895e-10,0.3,0.13500350250095441,0.2,0.5940706297759378,1.0,1.6911233892144742e-17,0.13333333333333333,0.9578462903438838,0.1,0.9988393756362763,1.0,1.6911233892144742e-17,1.0,1.6911233892144742e-17,0.2,0.5940706297759378
nbest*,Drop Wave,0.0,1.0,0.0,1.0,0.0,1.0,0.0,1.0,0.0,1.0,0.0,1.0,0.0,1.0,0.0,1.0,0.0,1.0,0.0,1.0,0.0,1.0,0.0,1.0,0.0,1.0,0.0,1.0,0.0,1.0
nbest*,Egg Crate,0.13333333333333333,0.9578462903438838,0.6333333333333333,5.795481973815609e-06,0.3,0.13500350250095441,0.7,2.5000118318420276e-07,0.6,2.366488472641374e-05,0.7666666666666667,6.531235554884833e-09,0.16666666666666666,0.8079631540901643,0.8333333333333334,9.236090683675521e-11,0.7333333333333333,4.326943555111202e-08,0.9333333333333333,2.993288398909619e-14,0.06666666666666667,0.9999999909208507,0.03333333333333333,1.0,1.0,1.6911233892144742e-17,0.9,5.78702423789193e-13,0.1,0.9988393756362763
nbest*,Price 2,0.0,1.0,0.0,1.0,0.0,1.0,0.0,1.0,0.0,1.0,0.0,1.0,0.0,1.0,0.0,1.0,0.0,1.0,0.0,1.0,0.0,1.0,0.0,1.0,0.0,1.0,0.0,1.0,0.0,1.0
nbest*,Mishra 1,0.3333333333333333,0.07088798787114439,1.0,1.6911233892144742e-17,1.0,1.6911233892144742e-17,1.0,1.6911233892144742e-17,1.0,1.6911233892144742e-17,1.0,1.6911233892144742e-17,1.0,1.6911233892144742e-17,1.0,1.6911233892144742e-17,1.0,1.6911233892144742e-17,0.8666666666666667,8.246509538996e-12,0.36666666666666664,0.034580084963334506,0.3,0.13500350250095441,1.0,1.6911233892144742e-17,0.9666666666666667,1.0146740335286845e-15,0.23333333333333334,0.39294501397971776
nbest*,Needle Eye,0.13333333333333333,0.9578462903438838,0.13333333333333333,0.9578462903438838,0.13333333333333333,0.8988175075740562,0.13333333333333333,0.9578462903438838,0.13333333333333333,0.9578462903438838,0.26666666666666666,0.23907300248018645,0.0,1.0,0.0,1.0,0.26666666666666666,0.23907300248018645,0.26666666666666666,0.17684456453147146,0.26666666666666666,0.23907300248018645,0.0,1.0,0.0,1.0,0.26666666666666666,0.17684456453147146,0.26666666666666666,0.23907300248018645
nbest*,Pinter,0.7666666666666667,6.531235554884833e-09,0.23333333333333334,0.39294501397971776,0.7666666666666667,6.531235554884833e-09,0.23333333333333334,0.39294501397971776,0.23333333333333334,0.39294501397971776,1.0,1.6911233892144742e-17,0.0,1.0,1.0,1.6911233892144742e-17,1.0,1.6911233892144742e-17,1.0,1.6911233892144742e-17,0.0,1.0,0.0,1.0,1.0,1.6911233892144742e-17,1.0,1.6911233892144742e-17,0.0,1.0
nbest*,Qing,0.5666666666666667,8.737803591291227e-05,0.0,1.0,1.0,1.6911233892144742e-17,0.0,1.0,0.0,1.0,0.5666666666666667,8.737803591291227e-05,0.43333333333333335,0.006548396368058784,0.5666666666666667,8.737803591291227e-05,0.5666666666666667,8.737803591291227e-05,1.0,1.6911233892144742e-17,0.0,1.0,0.0,1.0,1.0,1.6911233892144742e-17,1.0,1.6911233892144742e-17,0.0,1.0
nbest*,Rosenbrock,0.03333333333333333,1.0,0.03333333333333333,1.0,0.03333333333333333,1.0,0.03333333333333333,1.0,0.03333333333333333,1.0,0.0,1.0,0.0,1.0,0.0,1.0,0.0,1.0,0.0,1.0,0.0,1.0,0.0,1.0,0.0,1.0,0.0,1.0,0.0,1.0
nbest*,Schwaffer 7,0.3333333333333333,0.07088798787114439,0.5,0.0008995776840176799,0.9333333333333333,2.993288398909619e-14,0.3333333333333333,0.07088798787114439,0.5333333333333333,0.0002933405491362055,0.4666666666666667,0.0025300622362698397,0.8333333333333334,9.236090683675521e-11,0.43333333333333335,0.006548396368058784,0.5,0.0008995776840176799,0.5333333333333333,0.0002933405491362055,0.36666666666666664,0.034580084963334506,0.23333333333333334,0.39294501397971776,0.8333333333333334,9.236090683675521e-11,0.7666666666666667,6.531235554884833e-09,0.2,0.5940706297759378
nbest*,Schwefel $1.2$,0.9666666666666667,1.0146740335286845e-15,0.03333333333333333,1.0,0.9666666666666667,1.0146740335286845e-15,0.03333333333333333,1.0,0.03333333333333333,1.0,1.0,1.6911233892144742e-17,0.0,1.0,1.0,1.6911233892144742e-17,1.0,1.6911233892144742e-17,1.0,1.6911233892144742e-17,0.0,1.0,0.0,1.0,1.0,1.6911233892144742e-17,1.0,1.6911233892144742e-17,0.0,1.0
nbest*,Step 3,0.06666666666666667,0.9999999909208507,0.0,1.0,1.0,1.6911233892144742e-17,0.0,1.0,0.0,1.0,0.06666666666666667,0.9999999909208507,0.9333333333333333,2.993288398909619e-14,0.06666666666666667,0.9999999909208507,0.06666666666666667,0.9999999909208507,1.0,1.6911233892144742e-17,0.0,1.0,0.0,1.0,1.0,1.6911233892144742e-17,1.0,1.6911233892144742e-17,0.0,1.0
nbest*,Weierstrass,0.2,0.5940706297759378,0.6333333333333333,5.795481973815609e-06,0.8666666666666667,8.246509538996e-12,0.6333333333333333,5.795481973815609e-06,0.7,2.5000118318420276e-07,0.7333333333333333,4.326943555111202e-08,0.6666666666666666,1.2750060342394341e-06,0.7333333333333333,4.326943555111202e-08,0.8,8.466416460035895e-10,1.0,1.6911233892144742e-17,0.13333333333333333,0.9578462903438838,0.2,0.5940706297759378,1.0,1.6911233892144742e-17,1.0,1.6911233892144742e-17,0.13333333333333333,0.9578462903438838
nshared*,Attractive Sector,0.43333333333333335,0.006548396368058784,0.7,2.5000118318420276e-07,1.0,1.6911233892144742e-17,0.9666666666666667,1.0146740335286845e-15,0.7666666666666667,6.531235554884833e-09,0.4,0.015643390496754332,1.0,1.6911233892144742e-17,0.8333333333333334,9.236090683675521e-11,0.5333333333333333,0.0002933405491362055,1.0,1.6911233892144742e-17,0.7666666666666667,6.531235554884833e-09,0.3333333333333333,0.07088798787114439,1.0,1.6911233892144742e-17,1.0,1.6911233892144742e-17,0.5333333333333333,0.0002933405491362055
nshared*,Brown,0.3333333333333333,0.07088798787114439,0.5666666666666667,8.737803591291227e-05,1.0,1.6911233892144742e-17,0.9333333333333333,2.993288398909619e-14,0.7666666666666667,6.531235554884833e-09,0.3333333333333333,0.07088798787114439,1.0,1.6911233892144742e-17,0.9,5.78702423789193e-13,0.5333333333333333,0.0002933405491362055,1.0,1.6911233892144742e-17,0.7333333333333333,4.326943555111202e-08,0.43333333333333335,0.006548396368058784,1.0,1.6911233892144742e-17,1.0,1.6911233892144742e-17,0.5666666666666667,8.737803591291227e-05
nshared*,Discus,0.43333333333333335,0.006548396368058784,0.4,0.015643390496754332,1.0,1.6911233892144742e-17,0.36666666666666664,0.034580084963334506,0.2,0.5940706297759378,0.16666666666666666,0.8079631540901643,1.0,1.6911233892144742e-17,0.6333333333333333,5.795481973815609e-06,0.4,0.015643390496754332,1.0,1.6911233892144742e-17,0.7,2.5000118318420276e-07,0.26666666666666666,0.23907300248018645,1.0,1.6911233892144742e-17,1.0,1.6911233892144742e-17,0.5,0.0008995776840176799
nshared*,Ellipsoidal,0.4,0.015643390496754332,0.5,0.0008995776840176799,0.9666666666666667,1.0146740335286845e-15,0.26666666666666666,0.23907300248018645,0.6333333333333333,5.795481973815609e-06,0.13333333333333333,0.9578462903438838,0.9666666666666667,1.0146740335286845e-15,0.4,0.015643390496754332,0.26666666666666666,0.23907300248018645,0.9666666666666667,1.0146740335286845e-15,0.5,0.0008995776840176799,0.16666666666666666,0.8079631540901643,0.9666666666666667,1.0146740335286845e-15,0.9666666666666667,1.0146740335286845e-15,0.6333333333333333,5.795481973815609e-06
nshared*,Elliptic,0.4,0.015643390496754332,0.5333333333333333,0.0002933405491362055,1.0,1.6911233892144742e-17,0.2,0.5940706297759378,0.5,0.0008995776840176799,0.23333333333333334,0.39294501397971776,0.9666666666666667,1.0146740335286845e-15,0.4666666666666667,0.0025300622362698397,0.23333333333333334,0.39294501397971776,1.0,1.6911233892144742e-17,0.5,0.0008995776840176799,0.16666666666666666,0.8079631540901643,1.0,1.6911233892144742e-17,1.0,1.6911233892144742e-17,0.4666666666666667,0.0025300622362698397
nshared*,Exponential,0.3,0.13500350250095441,0.43333333333333335,0.006548396368058784,1.0,1.6911233892144742e-17,0.9666666666666667,1.0146740335286845e-15,0.7666666666666667,6.531235554884833e-09,0.26666666666666666,0.23907300248018645,1.0,1.6911233892144742e-17,0.9,5.78702423789193e-13,0.6333333333333333,5.795481973815609e-06,1.0,1.6911233892144742e-17,0.7666666666666667,6.531235554884833e-09,0.4,0.015643390496754332,1.0,1.6911233892144742e-17,1.0,1.6911233892144742e-17,0.7,2.5000118318420276e-07
nshared*,Drop Wave,0.5,0.0008995776840176799,0.6666666666666666,1.2750060342394341e-06,1.0,1.6911233892144742e-17,0.9,5.78702423789193e-13,0.8333333333333334,9.236090683675521e-11,0.3333333333333333,0.07088798787114439,1.0,1.6911233892144742e-17,0.6,2.366488472641374e-05,0.5,0.0008995776840176799,1.0,1.6911233892144742e-17,0.36666666666666664,0.034580084963334506,0.23333333333333334,0.39294501397971776,1.0,1.6911233892144742e-17,1.0,1.6911233892144742e-17,0.2,0.5940706297759378
nshared*,Egg Crate,0.4666666666666667,0.0025300622362698397,0.5,0.0008995776840176799,1.0,1.6911233892144742e-17,0.9,5.78702423789193e-13,0.7333333333333333,4.326943555111202e-08,0.23333333333333334,0.39294501397971776,1.0,1.6911233892144742e-17,0.8666666666666667,8.246509538996e-12,0.43333333333333335,0.006548396368058784,1.0,1.6911233892144742e-17,0.8,8.466416460035895e-10,0.26666666666666666,0.23907300248018645,1.0,1.6911233892144742e-17,1.0,1.6911233892144742e-17,0.8,8.466416460035895e-10
nshared*,Price 2,0.43333333333333335,0.006548396368058784,0.6,2.366488472641374e-05,0.9,5.78702423789193e-13,0.5666666666666667,8.737803591291227e-05,0.7,2.5000118318420276e-07,0.3333333333333333,0.07088798787114439,0.9,5.78702423789193e-13,0.2,0.5940706297759378,0.5,0.0008995776840176799,0.9,5.78702423789193e-13,0.2,0.5940706297759378,0.3333333333333333,0.07088798787114439,0.9333333333333333,2.993288398909619e-14,0.9,5.78702423789193e-13,0.43333333333333335,0.006548396368058784
nshared*,Mishra 1,0.6666666666666666,1.2750060342394341e-06,0.8333333333333334,9.236090683675521e-11,1.0,1.6911233892144742e-17,0.9333333333333333,2.993288398909619e-14,0.9,5.78702423789193e-13,0.9333333333333333,2.993288398909619e-14,1.0,1.6911233892144742e-17,0.9666666666666667,1.0146740335286845e-15,1.0,1.6911233892144742e-17,1.0,1.6911233892144742e-17,0.26666666666666666,0.23907300248018645,0.36666666666666664,0.034580084963334506,0.9666666666666667,1.0146740335286845e-15,0.9333333333333333,2.993288398909619e-14,0.3333333333333333,0.07088798787114439
nshared*,Needle Eye,0.6666666666666666,1.2750060342394341e-06,0.36666666666666664,0.034580084963334506,1.0,3.382246778428948e-17,0.5,0.0008995776840176799,0.5,0.0008995776840176799,0.8333333333333334,9.236090683675521e-11,1.0,3.382246778428948e-17,0.8666666666666667,8.246509538996e-12,0.8666666666666667,8.246509538996e-12,1.0,3.382246778428948e-17,0.36666666666666664,0.034580084963334506,0.36666666666666664,0.034580084963334506,1.0,3.382246778428948e-17,1.0,3.382246778428948e-17,0.16666666666666666,0.8079631540901643
nshared*,Pinter,0.3,0.13500350250095441,0.5333333333333333,0.0002933405491362055,1.0,1.6911233892144742e-17,0.9,5.78702423789193e-13,0.7,2.5000118318420276e-07,0.36666666666666664,0.034580084963334506,1.0,1.6911233892144742e-17,0.9,5.78702423789193e-13,0.7,2.5000118318420276e-07,1.0,1.6911233892144742e-17,0.8666666666666667,8.246509538996e-12,0.5333333333333333,0.0002933405491362055,1.0,1.6911233892144742e-17,1.0,1.6911233892144742e-17,0.5,0.0008995776840176799
nshared*,Qing,0.3333333333333333,0.07088798787114439,0.7,2.5000118318420276e-07,1.0,1.6911233892144742e-17,0.9333333333333333,2.993288398909619e-14,0.8333333333333334,9.236090683675521e-11,0.5333333333333333,0.0002933405491362055,1.0,1.6911233892144742e-17,0.9333333333333333,2.993288398909619e-14,0.7666666666666667,6.531235554884833e-09,1.0,1.6911233892144742e-17,0.6,2.366488472641374e-05,0.26666666666666666,0.23907300248018645,1.0,1.6911233892144742e-17,1.0,1.6911233892144742e-17,0.5,0.0008995776840176799
nshared*,Rosenbrock,0.16666666666666666,0.8079631540901643,0.7333333333333333,4.326943555111202e-08,1.0,1.6911233892144742e-17,0.9666666666666667,1.0146740335286845e-15,0.9333333333333333,2.993288398909619e-14,0.6666666666666666,1.2750060342394341e-06,1.0,1.6911233892144742e-17,0.9666666666666667,1.0146740335286845e-15,0.8666666666666667,8.246509538996e-12,1.0,1.6911233892144742e-17,0.8,8.466416460035895e-10,0.36666666666666664,0.034580084963334506,1.0,1.6911233892144742e-17,1.0,1.6911233892144742e-17,0.5333333333333333,0.0002933405491362055
nshared*,Schwaffer 7,0.6666666666666666,1.2750060342394341e-06,0.5,0.0008995776840176799,1.0,1.6911233892144742e-17,0.9,5.78702423789193e-13,0.7,2.5000118318420276e-07,0.6,2.366488472641374e-05,1.0,1.6911233892144742e-17,0.9333333333333333,2.993288398909619e-14,0.9,5.78702423789193e-13,1.0,1.6911233892144742e-17,0.5,0.0008995776840176799,0.3333333333333333,0.07088798787114439,1.0,1.6911233892144742e-17,1.0,1.6911233892144742e-17,0.3,0.13500350250095441
nshared*,Schwefel $1.2$,0.36666666666666664,0.034580084963334506,0.7,2.5000118318420276e-07,1.0,1.6911233892144742e-17,1.0,1.6911233892144742e-17,0.7666666666666667,6.531235554884833e-09,0.4666666666666667,0.0025300622362698397,1.0,1.6911233892144742e-17,0.8333333333333334,9.236090683675521e-11,0.5333333333333333,0.0002933405491362055,1.0,1.6911233892144742e-17,0.7,2.5000118318420276e-07,0.2,0.5940706297759378,1.0,1.6911233892144742e-17,1.0,1.6911233892144742e-17,0.6,2.366488472641374e-05
nshared*,Step 3,0.43333333333333335,0.006548396368058784,0.8,8.466416460035895e-10,1.0,1.6911233892144742e-17,1.0,1.6911233892144742e-17,0.8333333333333334,9.236090683675521e-11,0.5,0.0008995776840176799,1.0,1.6911233892144742e-17,0.8666666666666667,8.246509538996e-12,0.6666666666666666,1.2750060342394341e-06,1.0,1.6911233892144742e-17,0.7333333333333333,4.326943555111202e-08,0.3,0.13500350250095441,1.0,1.6911233892144742e-17,1.0,1.6911233892144742e-17,0.6,2.366488472641374e-05
nshared*,Weierstrass,0.36666666666666664,0.034580084963334506,0.8,8.466416460035895e-10,1.0,1.6911233892144742e-17,1.0,1.6911233892144742e-17,0.9666666666666667,1.0146740335286845e-15,0.5333333333333333,0.0002933405491362055,1.0,1.6911233892144742e-17,0.9,5.78702423789193e-13,0.8,8.466416460035895e-10,1.0,1.6911233892144742e-17,0.8,8.466416460035895e-10,0.4666666666666667,0.0025300622362698397,1.0,1.6911233892144742e-17,1.0,1.6911233892144742e-17,0.4666666666666667,0.0025300622362698397
best-strength*,Attractive Sector,0.8,8.466416460035895e-10,0.9333333333333333,2.993288398909619e-14,1.0,1.6911233892144742e-17,1.0,1.6911233892144742e-17,0.9666666666666667,1.0146740335286845e-15,0.8,8.466416460035895e-10,0.8,8.466416460035895e-10,0.8,8.466416460035895e-10,0.8,8.466416460035895e-10,1.0,1.6911233892144742e-17,0.8666666666666667,8.246509538996e-12,0.4,0.015643390496754332,1.0,1.6911233892144742e-17,1.0,1.6911233892144742e-17,0.7666666666666667,6.531235554884833e-09
best-strength*,Brown,0.8,8.466416460035895e-10,0.9666666666666667,1.0146740335286845e-15,1.0,1.6911233892144742e-17,1.0,1.6911233892144742e-17,1.0,1.6911233892144742e-17,0.8,8.466416460035895e-10,0.8,8.466416460035895e-10,0.8,8.466416460035895e-10,0.8,8.466416460035895e-10,1.0,1.6911233892144742e-17,0.9666666666666667,1.0146740335286845e-15,0.8,8.466416460035895e-10,1.0,1.6911233892144742e-17,1.0,1.6911233892144742e-17,0.8333333333333334,9.236090683675521e-11
best-strength*,Discus,0.6666666666666666,1.2750060342394341e-06,0.4,0.015643390496754332,0.6666666666666666,1.2750060342394341e-06,0.4666666666666667,0.0025300622362698397,0.4,0.015643390496754332,1.0,1.6911233892144742e-17,0.0,1.0,1.0,1.6911233892144742e-17,1.0,1.6911233892144742e-17,1.0,1.6911233892144742e-17,0.8,8.466416460035895e-10,0.3,0.13500350250095441,1.0,1.6911233892144742e-17,1.0,1.6911233892144742e-17,0.6666666666666666,1.2750060342394341e-06
best-strength*,Ellipsoidal,0.6,2.366488472641374e-05,0.5666666666666667,8.737803591291227e-05,0.6,2.366488472641374e-05,0.4,0.015643390496754332,0.5,0.0008995776840176799,1.0,1.6911233892144742e-17,0.0,1.0,1.0,1.6911233892144742e-17,1.0,1.6911233892144742e-17,1.0,1.6911233892144742e-17,0.8666666666666667,8.246509538996e-12,0.4666666666666667,0.0025300622362698397,1.0,1.6911233892144742e-17,1.0,1.6911233892144742e-17,0.8,8.466416460035895e-10
best-strength*,Elliptic,0.5,0.0008995776840176799,0.5,0.0008995776840176799,0.5,0.0008995776840176799,0.5,0.0008995776840176799,0.5,0.0008995776840176799,1.0,1.6911233892144742e-17,0.0,1.0,1.0,1.6911233892144742e-17,1.0,1.6911233892144742e-17,1.0,1.6911233892144742e-17,0.9333333333333333,2.993288398909619e-14,0.5333333333333333,0.0002933405491362055,1.0,1.6911233892144742e-17,1.0,1.6911233892144742e-17,0.7666666666666667,6.531235554884833e-09
best-strength*,Exponential,0.8,8.466416460035895e-10,0.7666666666666667,6.531235554884833e-09,0.9666666666666667,1.0146740335286845e-15,0.9666666666666667,1.0146740335286845e-15,0.8666666666666667,8.246509538996e-12,0.8,8.466416460035895e-10,0.8,8.466416460035895e-10,0.8,8.466416460035895e-10,0.8,8.466416460035895e-10,1.0,1.6911233892144742e-17,0.9666666666666667,1.0146740335286845e-15,0.4,0.015643390496754332,1.0,1.6911233892144742e-17,1.0,1.6911233892144742e-17,0.9333333333333333,2.993288398909619e-14
best-strength*,Drop Wave,0.0,1.0,0.0,1.0,0.0,1.0,0.0,1.0,0.0,1.0,0.0,1.0,0.0,1.0,0.0,1.0,0.0,1.0,0.0,1.0,0.0,1.0,0.0,1.0,0.0,1.0,0.0,1.0,0.0,1.0
best-strength*,Egg Crate,0.16666666666666666,0.8079631540901643,0.6333333333333333,5.795481973815609e-06,0.3,0.13500350250095441,0.7,2.5000118318420276e-07,0.6,2.366488472641374e-05,0.7666666666666667,6.531235554884833e-09,0.16666666666666666,0.8079631540901643,0.8333333333333334,9.236090683675521e-11,0.7333333333333333,4.326943555111202e-08,0.9333333333333333,2.993288398909619e-14,0.8666666666666667,8.246509538996e-12,0.23333333333333334,0.39294501397971776,1.0,1.6911233892144742e-17,0.9,5.78702423789193e-13,0.8333333333333334,9.236090683675521e-11
best-strength*,Price 2,0.0,1.0,0.0,1.0,0.0,1.0,0.0,1.0,0.0,1.0,0.0,1.0,0.0,1.0,0.0,1.0,0.0,1.0,0.0,1.0,0.0,1.0,0.0,1.0,0.0,1.0,0.0,1.0,0.0,1.0
best-strength*,Mishra 1,0.5666666666666667,8.737803591291227e-05,0.9333333333333333,2.993288398909619e-14,0.9333333333333333,2.993288398909619e-14,0.9333333333333333,2.993288398909619e-14,0.9333333333333333,2.993288398909619e-14,0.5666666666666667,8.737803591291227e-05,0.6,2.366488472641374e-05,0.5666666666666667,8.737803591291227e-05,0.5666666666666667,8.737803591291227e-05,0.9666666666666667,1.0146740335286845e-15,0.4666666666666667,0.0025300622362698397,0.23333333333333334,0.39294501397971776,1.0,1.6911233892144742e-17,0.9666666666666667,1.0146740335286845e-15,0.4,0.015643390496754332
best-strength*,Needle Eye,0.13333333333333333,0.9578462903438838,0.13333333333333333,0.9578462903438838,0.13333333333333333,0.8988175075740562,0.13333333333333333,0.9578462903438838,0.13333333333333333,0.9578462903438838,0.26666666666666666,0.23907300248018645,0.0,1.0,0.0,1.0,0.26666666666666666,0.23907300248018645,0.26666666666666666,0.17684456453147146,0.26666666666666666,0.23907300248018645,0.2,0.5940706297759378,0.0,1.0,0.26666666666666666,0.17684456453147146,0.26666666666666666,0.23907300248018645
best-strength*,Pinter,0.7666666666666667,6.531235554884833e-09,0.23333333333333334,0.39294501397971776,0.7666666666666667,6.531235554884833e-09,0.7,2.5000118318420276e-07,0.3,0.13500350250095441,1.0,1.6911233892144742e-17,0.0,1.0,1.0,1.6911233892144742e-17,1.0,1.6911233892144742e-17,1.0,1.6911233892144742e-17,0.8666666666666667,8.246509538996e-12,0.4666666666666667,0.0025300622362698397,1.0,1.6911233892144742e-17,1.0,1.6911233892144742e-17,0.7333333333333333,4.326943555111202e-08
best-strength*,Qing,0.5666666666666667,8.737803591291227e-05,0.7666666666666667,6.531235554884833e-09,1.0,1.6911233892144742e-17,1.0,1.6911233892144742e-17,0.9333333333333333,2.993288398909619e-14,0.5666666666666667,8.737803591291227e-05,0.43333333333333335,0.006548396368058784,0.5666666666666667,8.737803591291227e-05,0.5666666666666667,8.737803591291227e-05,1.0,1.6911233892144742e-17,0.8666666666666667,8.246509538996e-12,0.5,0.0008995776840176799,1.0,1.6911233892144742e-17,1.0,1.6911233892144742e-17,0.7666666666666667,6.531235554884833e-09
best-strength*,Rosenbrock,0.03333333333333333,1.0,0.03333333333333333,1.0,0.03333333333333333,1.0,0.03333333333333333,1.0,0.03333333333333333,1.0,0.0,1.0,0.0,1.0,0.0,1.0,0.0,1.0,0.0,1.0,0.0,1.0,0.0,1.0,0.0,1.0,0.0,1.0,0.0,1.0
best-strength*,Schwaffer 7,0.5333333333333333,0.0002933405491362055,0.7666666666666667,6.531235554884833e-09,0.9333333333333333,2.993288398909619e-14,0.7,2.5000118318420276e-07,0.8333333333333334,9.236090683675521e-11,0.8,8.466416460035895e-10,0.8333333333333334,9.236090683675521e-11,0.8,8.466416460035895e-10,0.8,8.466416460035895e-10,0.5333333333333333,0.0002933405491362055,0.43333333333333335,0.006548396368058784,0.3333333333333333,0.07088798787114439,0.8333333333333334,9.236090683675521e-11,0.7666666666666667,6.531235554884833e-09,0.2,0.5940706297759378
best-strength*,Schwefel $1.2$,0.9666666666666667,1.0146740335286845e-15,0.9333333333333333,2.993288398909619e-14,0.9666666666666667,1.0146740335286845e-15,0.9666666666666667,1.0146740335286845e-15,0.9666666666666667,1.0146740335286845e-15,1.0,1.6911233892144742e-17,0.0,1.0,1.0,1.6911233892144742e-17,1.0,1.6911233892144742e-17,1.0,1.6911233892144742e-17,1.0,1.6911233892144742e-17,0.43333333333333335,0.006548396368058784,1.0,1.6911233892144742e-17,1.0,1.6911233892144742e-17,0.8666666666666667,8.246509538996e-12
best-strength*,Step 3,0.9333333333333333,2.993288398909619e-14,0.7333333333333333,4.326943555111202e-08,1.0,1.6911233892144742e-17,0.9333333333333333,2.993288398909619e-14,0.8333333333333334,9.236090683675521e-11,0.9333333333333333,2.993288398909619e-14,0.9333333333333333,2.993288398909619e-14,0.9333333333333333,2.993288398909619e-14,0.9333333333333333,2.993288398909619e-14,1.0,1.6911233892144742e-17,0.7333333333333333,4.326943555111202e-08,0.3333333333333333,0.07088798787114439,1.0,1.6911233892144742e-17,1.0,1.6911233892144742e-17,0.5,0.0008995776840176799
best-strength*,Weierstrass,0.6666666666666666,1.2750060342394341e-06,0.6666666666666666,1.2750060342394341e-06,0.8666666666666667,8.246509538996e-12,0.8666666666666667,8.246509538996e-12,0.7666666666666667,6.531235554884833e-09,0.6666666666666666,1.2750060342394341e-06,0.6666666666666666,1.2750060342394341e-06,0.6666666666666666,1.2750060342394341e-06,0.6666666666666666,1.2750060342394341e-06,1.0,1.6911233892144742e-17,1.0,1.6911233892144742e-17,0.5666666666666667,8.737803591291227e-05,1.0,1.6911233892144742e-17,1.0,1.6911233892144742e-17,0.7,2.5000118318420276e-07
Mean ID,Attractive Sector,0.7666666666666667,6.531235554884833e-09,0.7,2.5000118318420276e-07,0.3333333333333333,0.07088798787114439,1.0,1.6911233892144742e-17,0.9666666666666667,1.0146740335286845e-15,0.9,5.78702423789193e-13,1.0,1.6911233892144742e-17,1.0,1.6911233892144742e-17,1.0,1.6911233892144742e-17,1.0,1.6911233892144742e-17,1.0,1.6911233892144742e-17,1.0,1.6911233892144742e-17,1.0,1.6911233892144742e-17,0.8,8.466416460035895e-10,1.0,1.6911233892144742e-17
Mean ID,Brown,0.7333333333333333,4.326943555111202e-08,0.7333333333333333,4.326943555111202e-08,0.3333333333333333,0.07088798787114439,1.0,1.6911233892144742e-17,0.9333333333333333,2.993288398909619e-14,0.7666666666666667,6.531235554884833e-09,0.9333333333333333,2.993288398909619e-14,1.0,1.6911233892144742e-17,1.0,1.6911233892144742e-17,0.9,5.78702423789193e-13,1.0,1.6911233892144742e-17,1.0,1.6911233892144742e-17,1.0,1.6911233892144742e-17,0.8,8.466416460035895e-10,1.0,1.6911233892144742e-17
Mean ID,Discus,0.7,2.5000118318420276e-07,0.3,0.13500350250095441,0.6666666666666666,1.2750060342394341e-06,1.0,1.6911233892144742e-17,1.0,1.6911233892144742e-17,0.8333333333333334,9.236090683675521e-11,0.9666666666666667,1.0146740335286845e-15,1.0,1.6911233892144742e-17,1.0,1.6911233892144742e-17,0.9666666666666667,1.0146740335286845e-15,1.0,1.6911233892144742e-17,1.0,1.6911233892144742e-17,1.0,1.6911233892144742e-17,0.8,8.466416460035895e-10,1.0,1.6911233892144742e-17
Mean ID,Ellipsoidal,0.4666666666666667,0.0025300622362698397,0.3333333333333333,0.07088798787114439,0.6666666666666666,1.2750060342394341e-06,1.0,1.6911233892144742e-17,1.0,1.6911233892144742e-17,0.7666666666666667,6.531235554884833e-09,0.9666666666666667,1.0146740335286845e-15,1.0,1.6911233892144742e-17,1.0,1.6911233892144742e-17,0.9333333333333333,2.993288398909619e-14,1.0,1.6911233892144742e-17,1.0,1.6911233892144742e-17,0.9666666666666667,1.0146740335286845e-15,0.6666666666666666,1.2750060342394341e-06,1.0,1.6911233892144742e-17
Mean ID,Elliptic,0.5333333333333333,0.0002933405491362055,0.4,0.015643390496754332,0.6,2.366488472641374e-05,1.0,1.6911233892144742e-17,1.0,1.6911233892144742e-17,0.8333333333333334,9.236090683675521e-11,0.9666666666666667,1.0146740335286845e-15,1.0,1.6911233892144742e-17,1.0,1.6911233892144742e-17,0.9,5.78702423789193e-13,1.0,1.6911233892144742e-17,1.0,1.6911233892144742e-17,1.0,1.6911233892144742e-17,0.7666666666666667,6.531235554884833e-09,1.0,1.6911233892144742e-17
Mean ID,Exponential,0.43333333333333335,0.006548396368058784,0.36666666666666664,0.034580084963334506,0.8333333333333334,9.236090683675521e-11,1.0,1.6911233892144742e-17,1.0,1.6911233892144742e-17,0.4,0.015643390496754332,0.8666666666666667,8.246509538996e-12,1.0,1.6911233892144742e-17,1.0,1.6911233892144742e-17,0.9666666666666667,1.0146740335286845e-15,1.0,1.6911233892144742e-17,1.0,1.6911233892144742e-17,1.0,1.6911233892144742e-17,0.7666666666666667,6.531235554884833e-09,1.0,1.6911233892144742e-17
Mean ID,Drop Wave,0.5666666666666667,8.737803591291227e-05,0.7666666666666667,6.531235554884833e-09,0.3333333333333333,0.07088798787114439,1.0,1.6911233892144742e-17,0.9,5.78702423789193e-13,0.23333333333333334,0.39294501397971776,0.6333333333333333,5.795481973815609e-06,1.0,1.6911233892144742e-17,1.0,1.6911233892144742e-17,0.8,8.466416460035895e-10,1.0,1.6911233892144742e-17,1.0,1.6911233892144742e-17,1.0,1.6911233892144742e-17,0.7666666666666667,6.531235554884833e-09,1.0,1.6911233892144742e-17
Mean ID,Egg Crate,0.6333333333333333,5.795481973815609e-06,0.43333333333333335,0.006548396368058784,0.7333333333333333,4.326943555111202e-08,1.0,1.6911233892144742e-17,1.0,1.6911233892144742e-17,0.7666666666666667,6.531235554884833e-09,0.9666666666666667,1.0146740335286845e-15,1.0,1.6911233892144742e-17,1.0,1.6911233892144742e-17,0.9333333333333333,2.993288398909619e-14,1.0,1.6911233892144742e-17,1.0,1.6911233892144742e-17,1.0,1.6911233892144742e-17,0.6666666666666666,1.2750060342394341e-06,1.0,1.6911233892144742e-17
Mean ID,Price 2,0.8666666666666667,8.246509538996e-12,0.6333333333333333,5.795481973815609e-06,0.9333333333333333,2.993288398909619e-14,1.0,1.6911233892144742e-17,1.0,1.6911233892144742e-17,0.9666666666666667,1.0146740335286845e-15,1.0,1.6911233892144742e-17,1.0,1.6911233892144742e-17,1.0,1.6911233892144742e-17,0.8,8.466416460035895e-10,1.0,1.6911233892144742e-17,1.0,1.6911233892144742e-17,1.0,1.6911233892144742e-17,0.8333333333333334,9.236090683675521e-11,1.0,1.6911233892144742e-17
Mean ID,Mishra 1,0.7,2.5000118318420276e-07,0.6,2.366488472641374e-05,0.6,2.366488472641374e-05,1.0,1.6911233892144742e-17,0.9333333333333333,2.993288398909619e-14,0.9333333333333333,2.993288398909619e-14,0.9333333333333333,2.993288398909619e-14,1.0,1.6911233892144742e-17,1.0,1.6911233892144742e-17,0.5333333333333333,0.0002933405491362055,1.0,1.6911233892144742e-17,1.0,1.6911233892144742e-17,1.0,1.6911233892144742e-17,0.7666666666666667,6.531235554884833e-09,1.0,1.6911233892144742e-17
Mean ID,Needle Eye,0.6333333333333333,5.795481973815609e-06,0.5,0.0008995776840176799,0.7310344827586207,2.438619253405363e-08,1.0,1.6911233892144742e-17,1.0,1.6911233892144742e-17,0.9333333333333333,2.993288398909619e-14,1.0,3.382246778428948e-17,1.0,1.6911233892144742e-17,1.0,1.6911233892144742e-17,0.9310344827586207,5.787024237891926e-14,1.0,1.6911233892144742e-17,1.0,1.6911233892144742e-17,1.0,3.382246778428948e-17,0.7586206896551724,1.15385161469632e-08,1.0,1.6911233892144742e-17
Mean ID,Pinter,0.9333333333333333,2.993288398909619e-14,0.5333333333333333,0.0002933405491362055,0.4666666666666667,0.0025300622362698397,1.0,1.6911233892144742e-17,1.0,1.6911233892144742e-17,0.9666666666666667,1.0146740335286845e-15,0.9666666666666667,1.0146740335286845e-15,1.0,1.6911233892144742e-17,1.0,1.6911233892144742e-17,0.9666666666666667,1.0146740335286845e-15,1.0,1.6911233892144742e-17,1.0,1.6911233892144742e-17,1.0,1.6911233892144742e-17,0.8,8.466416460035895e-10,1.0,1.6911233892144742e-17
Mean ID,Qing,0.36666666666666664,0.034580084963334506,0.8,8.466416460035895e-10,0.8666666666666667,8.246509538996e-12,1.0,1.6911233892144742e-17,0.9666666666666667,1.0146740335286845e-15,0.9,5.78702423789193e-13,0.9666666666666667,1.0146740335286845e-15,1.0,1.6911233892144742e-17,1.0,1.6911233892144742e-17,0.9333333333333333,2.993288398909619e-14,1.0,1.6911233892144742e-17,1.0,1.6911233892144742e-17,0.9666666666666667,1.0146740335286845e-15,0.7,2.5000118318420276e-07,1.0,1.6911233892144742e-17
Mean ID,Rosenbrock,0.7,2.5000118318420276e-07,0.36666666666666664,0.034580084963334506,0.5333333333333333,0.0002933405491362055,1.0,1.6911233892144742e-17,1.0,1.6911233892144742e-17,0.9,5.78702423789193e-13,0.9666666666666667,1.0146740335286845e-15,1.0,1.6911233892144742e-17,1.0,1.6911233892144742e-17,0.9,5.78702423789193e-13,1.0,1.6911233892144742e-17,1.0,1.6911233892144742e-17,1.0,1.6911233892144742e-17,0.7,2.5000118318420276e-07,1.0,1.6911233892144742e-17
Mean ID,Schwaffer 7,0.6,2.366488472641374e-05,0.36666666666666664,0.034580084963334506,0.7,2.5000118318420276e-07,1.0,1.6911233892144742e-17,1.0,1.6911233892144742e-17,0.8,8.466416460035895e-10,0.9,5.78702423789193e-13,1.0,1.6911233892144742e-17,1.0,1.6911233892144742e-17,0.9,5.78702423789193e-13,1.0,1.6911233892144742e-17,1.0,1.6911233892144742e-17,1.0,1.6911233892144742e-17,0.5333333333333333,0.0002933405491362055,1.0,1.6911233892144742e-17
Mean ID,Schwefel $1.2$,0.9333333333333333,2.993288398909619e-14,0.7666666666666667,6.531235554884833e-09,0.23333333333333334,0.39294501397971776,1.0,1.6911233892144742e-17,0.9333333333333333,2.993288398909619e-14,0.9666666666666667,1.0146740335286845e-15,1.0,1.6911233892144742e-17,1.0,1.6911233892144742e-17,1.0,1.6911233892144742e-17,0.8333333333333334,9.236090683675521e-11,1.0,1.6911233892144742e-17,1.0,1.6911233892144742e-17,1.0,1.6911233892144742e-17,0.7666666666666667,6.531235554884833e-09,1.0,1.6911233892144742e-17
Mean ID,Step 3,0.3,0.13500350250095441,0.7666666666666667,6.531235554884833e-09,0.23333333333333334,0.39294501397971776,1.0,1.6911233892144742e-17,0.8666666666666667,8.246509538996e-12,0.7333333333333333,4.326943555111202e-08,0.23333333333333334,0.39294501397971776,1.0,1.6911233892144742e-17,0.6666666666666666,1.2750060342394341e-06,0.5333333333333333,0.0002933405491362055,1.0,1.6911233892144742e-17,1.0,1.6911233892144742e-17,1.0,1.6911233892144742e-17,0.7333333333333333,4.326943555111202e-08,1.0,1.6911233892144742e-17
Mean ID,Weierstrass,0.43333333333333335,0.006548396368058784,0.5,0.0008995776840176799,1.0,1.6911233892144742e-17,1.0,1.6911233892144742e-17,1.0,1.6911233892144742e-17,0.6,2.366488472641374e-05,0.9333333333333333,2.993288398909619e-14,1.0,1.6911233892144742e-17,1.0,1.6911233892144742e-17,1.0,1.6911233892144742e-17,1.0,1.6911233892144742e-17,1.0,1.6911233892144742e-17,1.0,1.6911233892144742e-17,0.5,0.0008995776840176799,1.0,1.6911233892144742e-17
Mean GC,Attractive Sector,0.7666666666666667,6.531235554884833e-09,0.5,0.0008995776840176799,0.3333333333333333,0.07088798787114439,1.0,1.6911233892144742e-17,1.0,1.6911233892144742e-17,1.0,1.6911233892144742e-17,1.0,1.6911233892144742e-17,1.0,1.6911233892144742e-17,1.0,1.6911233892144742e-17,0.7,2.5000118318420276e-07,1.0,1.6911233892144742e-17,1.0,1.6911233892144742e-17,1.0,1.6911233892144742e-17,0.8666666666666667,8.246509538996e-12,1.0,1.6911233892144742e-17
Mean GC,Brown,0.7333333333333333,4.326943555111202e-08,0.3333333333333333,0.07088798787114439,0.3333333333333333,0.07088798787114439,1.0,1.6911233892144742e-17,1.0,1.6911233892144742e-17,0.9333333333333333,2.993288398909619e-14,0.9333333333333333,2.993288398909619e-14,1.0,1.6911233892144742e-17,1.0,1.6911233892144742e-17,0.5666666666666667,8.737803591291227e-05,1.0,1.6911233892144742e-17,1.0,1.6911233892144742e-17,1.0,1.6911233892144742e-17,0.9333333333333333,2.993288398909619e-14,1.0,1.6911233892144742e-17
Mean GC,Discus,0.7,2.5000118318420276e-07,0.5333333333333333,0.0002933405491362055,0.6666666666666666,1.2750060342394341e-06,1.0,1.6911233892144742e-17,1.0,1.6911233892144742e-17,0.9333333333333333,2.993288398909619e-14,0.9666666666666667,1.0146740335286845e-15,1.0,1.6911233892144742e-17,1.0,1.6911233892144742e-17,0.6,2.366488472641374e-05,1.0,1.6911233892144742e-17,1.0,1.6911233892144742e-17,1.0,1.6911233892144742e-17,0.9333333333333333,2.993288398909619e-14,1.0,1.6911233892144742e-17
Mean GC,Ellipsoidal,0.4666666666666667,0.0025300622362698397,0.5666666666666667,8.737803591291227e-05,0.6666666666666666,1.2750060342394341e-06,1.0,1.6911233892144742e-17,1.0,1.6911233892144742e-17,0.9333333333333333,2.993288398909619e-14,0.9666666666666667,1.0146740335286845e-15,1.0,1.6911233892144742e-17,1.0,1.6911233892144742e-17,0.7,2.5000118318420276e-07,1.0,1.6911233892144742e-17,1.0,1.6911233892144742e-17,1.0,1.6911233892144742e-17,0.7,2.5000118318420276e-07,1.0,1.6911233892144742e-17
Mean GC,Elliptic,0.5333333333333333,0.0002933405491362055,0.4666666666666667,0.0025300622362698397,0.6,2.366488472641374e-05,1.0,1.6911233892144742e-17,1.0,1.6911233892144742e-17,0.9333333333333333,2.993288398909619e-14,0.9666666666666667,1.0146740335286845e-15,1.0,1.6911233892144742e-17,1.0,1.6911233892144742e-17,0.6666666666666666,1.2750060342394341e-06,1.0,1.6911233892144742e-17,1.0,1.6911233892144742e-17,1.0,1.6911233892144742e-17,0.8666666666666667,8.246509538996e-12,1.0,1.6911233892144742e-17
Mean GC,Exponential,0.43333333333333335,0.006548396368058784,0.4666666666666667,0.0025300622362698397,0.8333333333333334,9.236090683675521e-11,1.0,1.6911233892144742e-17,1.0,1.6911233892144742e-17,0.5666666666666667,8.737803591291227e-05,0.8666666666666667,8.246509538996e-12,1.0,1.6911233892144742e-17,1.0,1.6911233892144742e-17,0.6,2.366488472641374e-05,1.0,1.6911233892144742e-17,1.0,1.6911233892144742e-17,1.0,1.6911233892144742e-17,0.8,8.466416460035895e-10,1.0,1.6911233892144742e-17
Mean GC,Drop Wave,0.5666666666666667,8.737803591291227e-05,0.26666666666666666,0.23907300248018645,0.3333333333333333,0.07088798787114439,1.0,1.6911233892144742e-17,1.0,1.6911233892144742e-17,0.7,2.5000118318420276e-07,0.6333333333333333,5.795481973815609e-06,1.0,1.6911233892144742e-17,1.0,1.6911233892144742e-17,0.3333333333333333,0.07088798787114439,1.0,1.6911233892144742e-17,1.0,1.6911233892144742e-17,1.0,1.6911233892144742e-17,0.8333333333333334,9.236090683675521e-11,1.0,1.6911233892144742e-17
Mean GC,Egg Crate,0.6333333333333333,5.795481973815609e-06,0.5333333333333333,0.0002933405491362055,0.7333333333333333,4.326943555111202e-08,1.0,1.6911233892144742e-17,1.0,1.6911233892144742e-17,0.9,5.78702423789193e-13,0.9666666666666667,1.0146740335286845e-15,1.0,1.6911233892144742e-17,1.0,1.6911233892144742e-17,0.8333333333333334,9.236090683675521e-11,1.0,1.6911233892144742e-17,1.0,1.6911233892144742e-17,1.0,1.6911233892144742e-17,0.8333333333333334,9.236090683675521e-11,1.0,1.6911233892144742e-17
Mean GC,Price 2,0.8666666666666667,8.246509538996e-12,0.9666666666666667,1.0146740335286845e-15,0.9333333333333333,2.993288398909619e-14,1.0,1.6911233892144742e-17,1.0,1.6911233892144742e-17,1.0,1.6911233892144742e-17,1.0,1.6911233892144742e-17,1.0,1.6911233892144742e-17,1.0,1.6911233892144742e-17,0.26666666666666666,0.23907300248018645,1.0,1.6911233892144742e-17,1.0,1.6911233892144742e-17,1.0,1.6911233892144742e-17,0.8666666666666667,8.246509538996e-12,1.0,1.6911233892144742e-17
Mean GC,Mishra 1,0.7,2.5000118318420276e-07,0.7666666666666667,6.531235554884833e-09,0.6,2.366488472641374e-05,1.0,1.6911233892144742e-17,1.0,1.6911233892144742e-17,1.0,1.6911233892144742e-17,0.9333333333333333,2.993288398909619e-14,1.0,1.6911233892144742e-17,1.0,1.6911233892144742e-17,0.26666666666666666,0.23907300248018645,1.0,1.6911233892144742e-17,1.0,1.6911233892144742e-17,1.0,1.6911233892144742e-17,0.9333333333333333,2.993288398909619e-14,1.0,1.6911233892144742e-17
Mean GC,Needle Eye,0.6333333333333333,5.795481973815609e-06,0.6333333333333333,5.795481973815609e-06,0.7310344827586207,2.438619253405363e-08,1.0,1.6911233892144742e-17,1.0,1.6911233892144742e-17,1.0,1.6911233892144742e-17,1.0,3.382246778428948e-17,1.0,1.6911233892144742e-17,1.0,1.6911233892144742e-17,0.7586206896551724,1.15385161469632e-08,1.0,1.6911233892144742e-17,1.0,1.6911233892144742e-17,1.0,3.382246778428948e-17,0.8275862068965517,1.6932832920071784e-10,1.0,1.6911233892144742e-17
Mean GC,Pinter,0.9333333333333333,2.993288398909619e-14,0.4666666666666667,0.0025300622362698397,0.4666666666666667,0.0025300622362698397,1.0,1.6911233892144742e-17,1.0,1.6911233892144742e-17,0.9666666666666667,1.0146740335286845e-15,0.9666666666666667,1.0146740335286845e-15,1.0,1.6911233892144742e-17,1.0,1.6911233892144742e-17,0.6,2.366488472641374e-05,1.0,1.6911233892144742e-17,1.0,1.6911233892144742e-17,1.0,1.6911233892144742e-17,0.8666666666666667,8.246509538996e-12,1.0,1.6911233892144742e-17
Mean GC,Qing,0.36666666666666664,0.034580084963334506,0.8666666666666667,8.246509538996e-12,0.8666666666666667,8.246509538996e-12,1.0,1.6911233892144742e-17,1.0,1.6911233892144742e-17,0.9666666666666667,1.0146740335286845e-15,0.9666666666666667,1.0146740335286845e-15,1.0,1.6911233892144742e-17,1.0,1.6911233892144742e-17,0.7666666666666667,6.531235554884833e-09,1.0,1.6911233892144742e-17,1.0,1.6911233892144742e-17,1.0,1.6911233892144742e-17,0.8,8.466416460035895e-10,1.0,1.6911233892144742e-17
Mean GC,Rosenbrock,0.7,2.5000118318420276e-07,0.5666666666666667,8.737803591291227e-05,0.5333333333333333,0.0002933405491362055,1.0,1.6911233892144742e-17,1.0,1.6911233892144742e-17,1.0,1.6911233892144742e-17,0.9666666666666667,1.0146740335286845e-15,1.0,1.6911233892144742e-17,1.0,1.6911233892144742e-17,0.5666666666666667,8.737803591291227e-05,1.0,1.6911233892144742e-17,1.0,1.6911233892144742e-17,1.0,1.6911233892144742e-17,0.8666666666666667,8.246509538996e-12,1.0,1.6911233892144742e-17
Mean GC,Schwaffer 7,0.6,2.366488472641374e-05,0.6,2.366488472641374e-05,0.7,2.5000118318420276e-07,1.0,1.6911233892144742e-17,1.0,1.6911233892144742e-17,0.8666666666666667,8.246509538996e-12,0.9,5.78702423789193e-13,1.0,1.6911233892144742e-17,1.0,1.6911233892144742e-17,0.4666666666666667,0.0025300622362698397,1.0,1.6911233892144742e-17,1.0,1.6911233892144742e-17,1.0,1.6911233892144742e-17,0.7666666666666667,6.531235554884833e-09,1.0,1.6911233892144742e-17
Mean GC,Schwefel $1.2$,0.9333333333333333,2.993288398909619e-14,0.4666666666666667,0.0025300622362698397,0.23333333333333334,0.39294501397971776,1.0,1.6911233892144742e-17,1.0,1.6911233892144742e-17,1.0,1.6911233892144742e-17,1.0,1.6911233892144742e-17,1.0,1.6911233892144742e-17,1.0,1.6911233892144742e-17,0.5,0.0008995776840176799,1.0,1.6911233892144742e-17,1.0,1.6911233892144742e-17,1.0,1.6911233892144742e-17,0.9,5.78702423789193e-13,1.0,1.6911233892144742e-17
Mean GC,Step 3,0.3,0.13500350250095441,0.3,0.13500350250095441,0.23333333333333334,0.39294501397971776,1.0,1.6911233892144742e-17,1.0,1.6911233892144742e-17,0.13333333333333333,0.9578462903438838,0.23333333333333334,0.39294501397971776,1.0,1.6911233892144742e-17,0.9666666666666667,1.0146740335286845e-15,0.3,0.13500350250095441,1.0,1.6911233892144742e-17,0.9666666666666667,1.0146740335286845e-15,1.0,1.6911233892144742e-17,0.9,5.78702423789193e-13,1.0,1.6911233892144742e-17
Mean GC,Weierstrass,0.43333333333333335,0.006548396368058784,0.8666666666666667,8.246509538996e-12,1.0,1.6911233892144742e-17,1.0,1.6911233892144742e-17,1.0,1.6911233892144742e-17,0.7666666666666667,6.531235554884833e-09,0.9333333333333333,2.993288398909619e-14,1.0,1.6911233892144742e-17,1.0,1.6911233892144742e-17,0.8,8.466416460035895e-10,1.0,1.6911233892144742e-17,1.0,1.6911233892144742e-17,1.0,1.6911233892144742e-17,0.6666666666666666,1.2750060342394341e-06,1.0,1.6911233892144742e-17
SNID,Attractive Sector,1.0,1.6911233892144742e-17,0.26666666666666666,0.23907300248018645,0.8333333333333334,9.236090683675521e-11,0.43333333333333335,0.006548396368058784,0.3,0.13500350250095441,1.0,1.6911233892144742e-17,0.8,8.466416460035895e-10,1.0,1.6911233892144742e-17,1.0,1.6911233892144742e-17,0.8666666666666667,8.246509538996e-12,0.4,0.015643390496754332,0.26666666666666666,0.23907300248018645,0.9,5.78702423789193e-13,0.9,5.78702423789193e-13,0.4,0.015643390496754332
SNID,Brown,1.0,1.6911233892144742e-17,0.26666666666666666,0.23907300248018645,0.9666666666666667,1.0146740335286845e-15,0.36666666666666664,0.034580084963334506,0.26666666666666666,0.23907300248018645,1.0,1.6911233892144742e-17,0.8666666666666667,8.246509538996e-12,1.0,1.6911233892144742e-17,1.0,1.6911233892144742e-17,1.0,1.6911233892144742e-17,0.26666666666666666,0.23907300248018645,0.16666666666666666,0.8079631540901643,1.0,1.6911233892144742e-17,1.0,1.6911233892144742e-17,0.2,0.5940706297759378
SNID,Discus,0.9666666666666667,1.0146740335286845e-15,0.43333333333333335,0.006548396368058784,0.8,8.466416460035895e-10,0.5666666666666667,8.737803591291227e-05,0.4,0.015643390496754332,1.0,1.6911233892144742e-17,0.8666666666666667,8.246509538996e-12,1.0,1.6911233892144742e-17,1.0,1.6911233892144742e-17,0.9,5.78702423789193e-13,0.43333333333333335,0.006548396368058784,0.26666666666666666,0.23907300248018645,0.9333333333333333,2.993288398909619e-14,0.9,5.78702423789193e-13,0.23333333333333334,0.39294501397971776
SNID,Ellipsoidal,0.9333333333333333,2.993288398909619e-14,0.6,2.366488472641374e-05,0.7333333333333333,4.326943555111202e-08,0.8,8.466416460035895e-10,0.5666666666666667,8.737803591291227e-05,1.0,1.6911233892144742e-17,0.8333333333333334,9.236090683675521e-11,1.0,1.6911233892144742e-17,1.0,1.6911233892144742e-17,0.9333333333333333,2.993288398909619e-14,0.5333333333333333,0.0002933405491362055,0.36666666666666664,0.034580084963334506,1.0,1.6911233892144742e-17,0.9333333333333333,2.993288398909619e-14,0.3,0.13500350250095441
SNID,Elliptic,0.9666666666666667,1.0146740335286845e-15,0.36666666666666664,0.034580084963334506,0.6666666666666666,1.2750060342394341e-06,0.6,2.366488472641374e-05,0.43333333333333335,0.006548396368058784,1.0,1.6911233892144742e-17,0.8,8.466416460035895e-10,1.0,1.6911233892144742e-17,1.0,1.6911233892144742e-17,0.7666666666666667,6.531235554884833e-09,0.26666666666666666,0.23907300248018645,0.13333333333333333,0.9578462903438838,0.8666666666666667,8.246509538996e-12,0.7666666666666667,6.531235554884833e-09,0.3333333333333333,0.07088798787114439
SNID,Exponential,0.8666666666666667,8.246509538996e-12,0.9,5.78702423789193e-13,0.4,0.015643390496754332,0.9666666666666667,1.0146740335286845e-15,0.9666666666666667,1.0146740335286845e-15,1.0,1.6911233892144742e-17,0.8666666666666667,8.246509538996e-12,1.0,1.6911233892144742e-17,1.0,1.6911233892144742e-17,0.6666666666666666,1.2750060342394341e-06,1.0,1.6911233892144742e-17,0.6666666666666666,1.2750060342394341e-06,0.9,5.78702423789193e-13,0.7666666666666667,6.531235554884833e-09,1.0,1.6911233892144742e-17
SNID,Drop Wave,0.9,5.78702423789193e-13,0.9333333333333333,2.993288398909619e-14,0.6333333333333333,5.795481973815609e-06,1.0,1.6911233892144742e-17,1.0,1.6911233892144742e-17,0.9666666666666667,1.0146740335286845e-15,0.9333333333333333,2.993288398909619e-14,1.0,1.6911233892144742e-17,1.0,1.6911233892144742e-17,0.8,8.466416460035895e-10,0.9333333333333333,2.993288398909619e-14,0.5666666666666667,8.737803591291227e-05,1.0,1.6911233892144742e-17,0.9666666666666667,1.0146740335286845e-15,0.9333333333333333,2.993288398909619e-14
SNID,Egg Crate,0.8333333333333334,9.236090683675521e-11,0.7,2.5000118318420276e-07,0.16666666666666666,0.8079631540901643,0.8333333333333334,9.236090683675521e-11,0.7333333333333333,4.326943555111202e-08,0.9666666666666667,1.0146740335286845e-15,0.8333333333333334,9.236090683675521e-11,1.0,1.6911233892144742e-17,1.0,1.6911233892144742e-17,0.8333333333333334,9.236090683675521e-11,0.36666666666666664,0.034580084963334506,0.2,0.5940706297759378,0.9333333333333333,2.993288398909619e-14,0.8666666666666667,8.246509538996e-12,0.26666666666666666,0.23907300248018645
SNID,Price 2,0.5333333333333333,0.0002933405491362055,0.9333333333333333,2.993288398909619e-14,0.3,0.13500350250095441,1.0,1.6911233892144742e-17,0.9666666666666667,1.0146740335286845e-15,0.8,8.466416460035895e-10,0.5,0.0008995776840176799,0.9666666666666667,1.0146740335286845e-15,0.9,5.78702423789193e-13,0.8,8.466416460035895e-10,0.7666666666666667,6.531235554884833e-09,0.43333333333333335,0.006548396368058784,1.0,1.6911233892144742e-17,0.9333333333333333,2.993288398909619e-14,0.7333333333333333,4.326943555111202e-08
SNID,Mishra 1,0.7666666666666667,6.531235554884833e-09,0.5666666666666667,8.737803591291227e-05,0.7,2.5000118318420276e-07,0.4,0.015643390496754332,0.5,0.0008995776840176799,0.9666666666666667,1.0146740335286845e-15,0.26666666666666666,0.23907300248018645,1.0,1.6911233892144742e-17,0.9666666666666667,1.0146740335286845e-15,0.9,5.78702423789193e-13,0.3,0.13500350250095441,0.26666666666666666,0.23907300248018645,0.9333333333333333,2.993288398909619e-14,0.9333333333333333,2.993288398909619e-14,0.3,0.13500350250095441
SNID,Needle Eye,0.8666666666666667,8.246509538996e-12,0.5,0.0008995776840176799,0.5896551724137931,3.563874038693842e-05,0.7,2.5000118318420276e-07,0.6,2.366488472641374e-05,1.0,1.6911233892144742e-17,0.8,2.1324775064771576e-10,1.0,1.6911233892144742e-17,1.0,1.6911233892144742e-17,0.9310344827586207,5.787024237891926e-14,0.4,0.015643390496754332,0.3333333333333333,0.07088798787114439,0.9655172413793104,1.9955255992730804e-15,0.9655172413793104,1.9955255992730804e-15,0.26666666666666666,0.23907300248018645
SNID,Pinter,0.9333333333333333,2.993288398909619e-14,0.5333333333333333,0.0002933405491362055,0.7,2.5000118318420276e-07,0.6666666666666666,1.2750060342394341e-06,0.5,0.0008995776840176799,1.0,1.6911233892144742e-17,0.5666666666666667,8.737803591291227e-05,1.0,1.6911233892144742e-17,1.0,1.6911233892144742e-17,0.9,5.78702423789193e-13,0.43333333333333335,0.006548396368058784,0.3333333333333333,0.07088798787114439,0.9,5.78702423789193e-13,0.9,5.78702423789193e-13,0.2,0.5940706297759378
SNID,Qing,0.9666666666666667,1.0146740335286845e-15,0.8333333333333334,9.236090683675521e-11,0.5666666666666667,8.737803591291227e-05,0.9333333333333333,2.993288398909619e-14,0.8666666666666667,8.246509538996e-12,1.0,1.6911233892144742e-17,0.9,5.78702423789193e-13,1.0,1.6911233892144742e-17,1.0,1.6911233892144742e-17,0.9333333333333333,2.993288398909619e-14,0.36666666666666664,0.034580084963334506,0.2,0.5940706297759378,0.9666666666666667,1.0146740335286845e-15,0.9333333333333333,2.993288398909619e-14,0.3,0.13500350250095441
SNID,Rosenbrock,0.9666666666666667,1.0146740335286845e-15,0.43333333333333335,0.006548396368058784,0.8333333333333334,9.236090683675521e-11,0.5666666666666667,8.737803591291227e-05,0.43333333333333335,0.006548396368058784,1.0,1.6911233892144742e-17,0.8,8.466416460035895e-10,1.0,1.6911233892144742e-17,1.0,1.6911233892144742e-17,0.9,5.78702423789193e-13,0.36666666666666664,0.034580084963334506,0.2,0.5940706297759378,0.9666666666666667,1.0146740335286845e-15,0.9666666666666667,1.0146740335286845e-15,0.3,0.13500350250095441
SNID,Schwaffer 7,0.43333333333333335,0.006548396368058784,0.16666666666666666,0.8079631540901643,0.7333333333333333,4.326943555111202e-08,0.43333333333333335,0.006548396368058784,0.4,0.015643390496754332,0.5,0.0008995776840176799,0.5333333333333333,0.0002933405491362055,0.7666666666666667,6.531235554884833e-09,0.5,0.0008995776840176799,0.8666666666666667,8.246509538996e-12,0.36666666666666664,0.034580084963334506,0.36666666666666664,0.034580084963334506,0.9666666666666667,1.0146740335286845e-15,0.9,5.78702423789193e-13,0.7333333333333333,4.326943555111202e-08
SNID,Schwefel $1.2$,1.0,1.6911233892144742e-17,0.23333333333333334,0.39294501397971776,0.9666666666666667,1.0146740335286845e-15,0.43333333333333335,0.006548396368058784,0.3,0.13500350250095441,1.0,1.6911233892144742e-17,0.8,8.466416460035895e-10,1.0,1.6911233892144742e-17,1.0,1.6911233892144742e-17,0.9666666666666667,1.0146740335286845e-15,0.4666666666666667,0.0025300622362698397,0.23333333333333334,0.39294501397971776,0.9666666666666667,1.0146740335286845e-15,0.9666666666666667,1.0146740335286845e-15,0.3,0.13500350250095441
SNID,Step 3,0.9666666666666667,1.0146740335286845e-15,1.0,1.6911233892144742e-17,0.9666666666666667,1.0146740335286845e-15,1.0,1.6911233892144742e-17,1.0,1.6911233892144742e-17,0.9666666666666667,1.0146740335286845e-15,0.9666666666666667,1.0146740335286845e-15,1.0,1.6911233892144742e-17,1.0,1.6911233892144742e-17,0.6333333333333333,5.795481973815609e-06,0.8,8.466416460035895e-10,0.5,0.0008995776840176799,0.9333333333333333,2.993288398909619e-14,0.8333333333333334,9.236090683675521e-11,1.0,1.6911233892144742e-17
SNID,Weierstrass,0.9,5.78702423789193e-13,0.8666666666666667,8.246509538996e-12,0.4666666666666667,0.0025300622362698397,1.0,1.6911233892144742e-17,0.9333333333333333,2.993288398909619e-14,0.9666666666666667,1.0146740335286845e-15,0.9,5.78702423789193e-13,1.0,1.6911233892144742e-17,1.0,1.6911233892144742e-17,0.7666666666666667,6.531235554884833e-09,0.9333333333333333,2.993288398909619e-14,0.6666666666666666,1.2750060342394341e-06,0.9666666666666667,1.0146740335286845e-15,0.9,5.78702423789193e-13,0.8666666666666667,8.246509538996e-12
EXPLORE%,Attractive Sector,1.0,1.6911233892144742e-17,0.9666666666666667,1.0146740335286845e-15,1.0,1.6911233892144742e-17,1.0,1.6911233892144742e-17,0.9666666666666667,1.0146740335286845e-15,1.0,1.6911233892144742e-17,1.0,1.6911233892144742e-17,1.0,1.6911233892144742e-17,1.0,1.6911233892144742e-17,1.0,1.6911233892144742e-17,0.7333333333333333,4.326943555111202e-08,0.4,0.015643390496754332,1.0,1.6911233892144742e-17,1.0,1.6911233892144742e-17,0.6666666666666666,1.2750060342394341e-06
EXPLORE%,Brown,0.5333333333333333,0.0002933405491362055,1.0,1.6911233892144742e-17,1.0,1.6911233892144742e-17,1.0,1.6911233892144742e-17,1.0,1.6911233892144742e-17,1.0,1.6911233892144742e-17,1.0,1.6911233892144742e-17,1.0,1.6911233892144742e-17,1.0,1.6911233892144742e-17,1.0,1.6911233892144742e-17,0.9,5.78702423789193e-13,0.5333333333333333,0.0002933405491362055,1.0,1.6911233892144742e-17,1.0,1.6911233892144742e-17,0.7,2.5000118318420276e-07
EXPLORE%,Discus,0.8333333333333334,9.236090683675521e-11,0.8666666666666667,8.246509538996e-12,1.0,1.6911233892144742e-17,0.9333333333333333,2.993288398909619e-14,0.8666666666666667,8.246509538996e-12,1.0,1.6911233892144742e-17,1.0,1.6911233892144742e-17,1.0,1.6911233892144742e-17,1.0,1.6911233892144742e-17,1.0,1.6911233892144742e-17,0.5,0.0008995776840176799,0.3333333333333333,0.07088798787114439,1.0,1.6911233892144742e-17,1.0,1.6911233892144742e-17,0.3333333333333333,0.07088798787114439
EXPLORE%,Ellipsoidal,0.8333333333333334,9.236090683675521e-11,0.9666666666666667,1.0146740335286845e-15,1.0,1.6911233892144742e-17,0.9666666666666667,1.0146740335286845e-15,0.9333333333333333,2.993288398909619e-14,1.0,1.6911233892144742e-17,1.0,1.6911233892144742e-17,1.0,1.6911233892144742e-17,1.0,1.6911233892144742e-17,1.0,1.6911233892144742e-17,0.9333333333333333,2.993288398909619e-14,0.5333333333333333,0.0002933405491362055,1.0,1.6911233892144742e-17,1.0,1.6911233892144742e-17,0.8333333333333334,9.236090683675521e-11
EXPLORE%,Elliptic,0.6666666666666666,1.2750060342394341e-06,0.9333333333333333,2.993288398909619e-14,1.0,1.6911233892144742e-17,1.0,1.6911233892144742e-17,0.9333333333333333,2.993288398909619e-14,1.0,1.6911233892144742e-17,1.0,1.6911233892144742e-17,1.0,1.6911233892144742e-17,1.0,1.6911233892144742e-17,1.0,1.6911233892144742e-17,0.7,2.5000118318420276e-07,0.4666666666666667,0.0025300622362698397,1.0,1.6911233892144742e-17,1.0,1.6911233892144742e-17,0.6,2.366488472641374e-05
EXPLORE%,Exponential,0.7,2.5000118318420276e-07,0.7666666666666667,6.531235554884833e-09,1.0,1.6911233892144742e-17,0.9333333333333333,2.993288398909619e-14,0.8666666666666667,8.246509538996e-12,0.9,5.78702423789193e-13,1.0,1.6911233892144742e-17,1.0,1.6911233892144742e-17,0.9,5.78702423789193e-13,1.0,1.6911233892144742e-17,0.7333333333333333,4.326943555111202e-08,0.26666666666666666,0.23907300248018645,1.0,1.6911233892144742e-17,1.0,1.6911233892144742e-17,0.8,8.466416460035895e-10
EXPLORE%,Drop Wave,0.5666666666666667,8.737803591291227e-05,0.9666666666666667,1.0146740335286845e-15,1.0,1.6911233892144742e-17,1.0,1.6911233892144742e-17,1.0,1.6911233892144742e-17,0.9666666666666667,1.0146740335286845e-15,1.0,1.6911233892144742e-17,1.0,1.6911233892144742e-17,1.0,1.6911233892144742e-17,1.0,1.6911233892144742e-17,0.9666666666666667,1.0146740335286845e-15,0.7666666666666667,6.531235554884833e-09,1.0,1.6911233892144742e-17,1.0,1.6911233892144742e-17,0.8333333333333334,9.236090683675521e-11
EXPLORE%,Egg Crate,0.3333333333333333,0.07088798787114439,0.9333333333333333,2.993288398909619e-14,1.0,1.6911233892144742e-17,1.0,1.6911233892144742e-17,0.9666666666666667,1.0146740335286845e-15,0.9666666666666667,1.0146740335286845e-15,1.0,1.6911233892144742e-17,1.0,1.6911233892144742e-17,1.0,1.6911233892144742e-17,1.0,1.6911233892144742e-17,0.9,5.78702423789193e-13,0.3,0.13500350250095441,1.0,1.6911233892144742e-17,1.0,1.6911233892144742e-17,0.9,5.78702423789193e-13
EXPLORE%,Price 2,0.4666666666666667,0.0025300622362698397,0.9333333333333333,2.993288398909619e-14,1.0,1.6911233892144742e-17,0.9666666666666667,1.0146740335286845e-15,0.9333333333333333,2.993288398909619e-14,0.8666666666666667,8.246509538996e-12,1.0,1.6911233892144742e-17,0.9666666666666667,1.0146740335286845e-15,0.9333333333333333,2.993288398909619e-14,1.0,1.6911233892144742e-17,0.7666666666666667,6.531235554884833e-09,0.5,0.0008995776840176799,0.9,5.78702423789193e-13,1.0,1.6911233892144742e-17,0.6333333333333333,5.795481973815609e-06
EXPLORE%,Mishra 1,0.3333333333333333,0.07088798787114439,1.0,1.6911233892144742e-17,1.0,1.6911233892144742e-17,1.0,1.6911233892144742e-17,1.0,1.6911233892144742e-17,1.0,1.6911233892144742e-17,1.0,1.6911233892144742e-17,1.0,1.6911233892144742e-17,1.0,1.6911233892144742e-17,1.0,1.6911233892144742e-17,0.13333333333333333,0.9578462903438838,0.16666666666666666,0.8079631540901643,1.0,1.6911233892144742e-17,1.0,1.6911233892144742e-17,0.23333333333333334,0.39294501397971776
EXPLORE%,Needle Eye,0.7666666666666667,6.531235554884833e-09,0.6,2.366488472641374e-05,1.0,3.382246778428948e-17,0.9666666666666667,1.0146740335286845e-15,0.8333333333333334,9.236090683675521e-11,0.9666666666666667,1.0146740335286845e-15,1.0,3.382246778428948e-17,1.0,1.6911233892144742e-17,1.0,1.6911233892144742e-17,1.0,3.382246778428948e-17,0.6333333333333333,5.795481973815609e-06,0.43333333333333335,0.006548396368058784,1.0,3.382246778428948e-17,1.0,3.382246778428948e-17,0.4,0.015643390496754332
EXPLORE%,Pinter,0.7666666666666667,6.531235554884833e-09,0.9333333333333333,2.993288398909619e-14,1.0,1.6911233892144742e-17,1.0,1.6911233892144742e-17,0.9666666666666667,1.0146740335286845e-15,1.0,1.6911233892144742e-17,1.0,1.6911233892144742e-17,1.0,1.6911233892144742e-17,1.0,1.6911233892144742e-17,1.0,1.6911233892144742e-17,0.9333333333333333,2.993288398909619e-14,0.4,0.015643390496754332,1.0,1.6911233892144742e-17,1.0,1.6911233892144742e-17,0.9,5.78702423789193e-13
EXPLORE%,Qing,0.9,5.78702423789193e-13,0.7666666666666667,6.531235554884833e-09,1.0,1.6911233892144742e-17,0.9666666666666667,1.0146740335286845e-15,0.9,5.78702423789193e-13,1.0,1.6911233892144742e-17,1.0,1.6911233892144742e-17,1.0,1.6911233892144742e-17,1.0,1.6911233892144742e-17,1.0,1.6911233892144742e-17,0.7666666666666667,6.531235554884833e-09,0.36666666666666664,0.034580084963334506,1.0,1.6911233892144742e-17,1.0,1.6911233892144742e-17,0.7,2.5000118318420276e-07
EXPLORE%,Rosenbrock,0.7666666666666667,6.531235554884833e-09,0.9666666666666667,1.0146740335286845e-15,1.0,1.6911233892144742e-17,1.0,1.6911233892144742e-17,1.0,1.6911233892144742e-17,1.0,1.6911233892144742e-17,1.0,1.6911233892144742e-17,1.0,1.6911233892144742e-17,1.0,1.6911233892144742e-17,1.0,1.6911233892144742e-17,0.9666666666666667,1.0146740335286845e-15,0.4,0.015643390496754332,1.0,1.6911233892144742e-17,1.0,1.6911233892144742e-17,0.8333333333333334,9.236090683675521e-11
EXPLORE%,Schwaffer 7,0.23333333333333334,0.39294501397971776,0.8333333333333334,9.236090683675521e-11,1.0,1.6911233892144742e-17,0.8,8.466416460035895e-10,0.8333333333333334,9.236090683675521e-11,0.7666666666666667,6.531235554884833e-09,1.0,1.6911233892144742e-17,0.8,8.466416460035895e-10,0.7666666666666667,6.531235554884833e-09,1.0,1.6911233892144742e-17,0.5,0.0008995776840176799,0.3,0.13500350250095441,0.9333333333333333,2.993288398909619e-14,1.0,1.6911233892144742e-17,0.4,0.015643390496754332
EXPLORE%,Schwefel $1.2$,0.16666666666666666,0.8079631540901643,1.0,1.6911233892144742e-17,1.0,1.6911233892144742e-17,1.0,1.6911233892144742e-17,1.0,1.6911233892144742e-17,1.0,1.6911233892144742e-17,1.0,1.6911233892144742e-17,1.0,1.6911233892144742e-17,1.0,1.6911233892144742e-17,1.0,1.6911233892144742e-17,0.7,2.5000118318420276e-07,0.4,0.015643390496754332,1.0,1.6911233892144742e-17,1.0,1.6911233892144742e-17,0.4666666666666667,0.0025300622362698397
EXPLORE%,Step 3,0.7333333333333333,4.326943555111202e-08,0.9,5.78702423789193e-13,1.0,1.6911233892144742e-17,0.9333333333333333,2.993288398909619e-14,0.9333333333333333,2.993288398909619e-14,0.9666666666666667,1.0146740335286845e-15,1.0,1.6911233892144742e-17,1.0,1.6911233892144742e-17,1.0,1.6911233892144742e-17,1.0,1.6911233892144742e-17,0.8,8.466416460035895e-10,0.43333333333333335,0.006548396368058784,1.0,1.6911233892144742e-17,1.0,1.6911233892144742e-17,0.8,8.466416460035895e-10
EXPLORE%,Weierstrass,0.7333333333333333,4.326943555111202e-08,0.9333333333333333,2.993288398909619e-14,1.0,1.6911233892144742e-17,1.0,1.6911233892144742e-17,0.9333333333333333,2.993288398909619e-14,1.0,1.6911233892144742e-17,1.0,1.6911233892144742e-17,1.0,1.6911233892144742e-17,1.0,1.6911233892144742e-17,1.0,1.6911233892144742e-17,0.9333333333333333,2.993288398909619e-14,0.6,2.366488472641374e-05,1.0,1.6911233892144742e-17,1.0,1.6911233892144742e-17,0.5333333333333333,0.0002933405491362055
INFEASIBLE%,Attractive Sector,0.4,0.015643390496754332,0.6333333333333333,5.795481973815609e-06,1.0,1.6911233892144742e-17,0.8333333333333334,9.236090683675521e-11,0.7333333333333333,4.326943555111202e-08,0.8,8.466416460035895e-10,1.0,1.6911233892144742e-17,0.9333333333333333,2.993288398909619e-14,0.8666666666666667,8.246509538996e-12,1.0,1.6911233892144742e-17,0.5666666666666667,8.737803591291227e-05,0.3,0.13500350250095441,1.0,1.6911233892144742e-17,1.0,1.6911233892144742e-17,0.4,0.015643390496754332
INFEASIBLE%,Brown,0.5,0.0008995776840176799,0.8666666666666667,8.246509538996e-12,1.0,1.6911233892144742e-17,0.9666666666666667,1.0146740335286845e-15,0.9,5.78702423789193e-13,0.9666666666666667,1.0146740335286845e-15,1.0,1.6911233892144742e-17,1.0,1.6911233892144742e-17,1.0,1.6911233892144742e-17,1.0,1.6911233892144742e-17,0.6,2.366488472641374e-05,0.5333333333333333,0.0002933405491362055,1.0,1.6911233892144742e-17,1.0,1.6911233892144742e-17,0.23333333333333334,0.39294501397971776
INFEASIBLE%,Discus,0.6333333333333333,5.795481973815609e-06,0.8333333333333334,9.236090683675521e-11,1.0,1.6911233892144742e-17,0.9333333333333333,2.993288398909619e-14,0.9666666666666667,1.0146740335286845e-15,0.9333333333333333,2.993288398909619e-14,1.0,1.6911233892144742e-17,1.0,1.6911233892144742e-17,1.0,1.6911233892144742e-17,1.0,1.6911233892144742e-17,0.4,0.015643390496754332,0.3,0.13500350250095441,1.0,1.6911233892144742e-17,1.0,1.6911233892144742e-17,0.26666666666666666,0.23907300248018645
INFEASIBLE%,Ellipsoidal,0.4666666666666667,0.0025300622362698397,0.9333333333333333,2.993288398909619e-14,1.0,1.6911233892144742e-17,1.0,1.6911233892144742e-17,0.9333333333333333,2.993288398909619e-14,1.0,1.6911233892144742e-17,1.0,1.6911233892144742e-17,1.0,1.6911233892144742e-17,1.0,1.6911233892144742e-17,1.0,1.6911233892144742e-17,0.5666666666666667,8.737803591291227e-05,0.3,0.13500350250095441,1.0,1.6911233892144742e-17,1.0,1.6911233892144742e-17,0.43333333333333335,0.006548396368058784
INFEASIBLE%,Elliptic,0.3,0.13500350250095441,1.0,1.6911233892144742e-17,1.0,1.6911233892144742e-17,1.0,1.6911233892144742e-17,1.0,1.6911233892144742e-17,1.0,1.6911233892144742e-17,1.0,1.6911233892144742e-17,1.0,1.6911233892144742e-17,1.0,1.6911233892144742e-17,1.0,1.6911233892144742e-17,0.6666666666666666,1.2750060342394341e-06,0.36666666666666664,0.034580084963334506,1.0,1.6911233892144742e-17,1.0,1.6911233892144742e-17,0.4,0.015643390496754332
INFEASIBLE%,Exponential,0.2,0.5940706297759378,0.5666666666666667,8.737803591291227e-05,1.0,1.6911233892144742e-17,0.8,8.466416460035895e-10,0.5666666666666667,8.737803591291227e-05,0.5333333333333333,0.0002933405491362055,1.0,1.6911233892144742e-17,0.6666666666666666,1.2750060342394341e-06,0.5666666666666667,8.737803591291227e-05,1.0,1.6911233892144742e-17,0.5333333333333333,0.0002933405491362055,0.13333333333333333,0.9578462903438838,1.0,1.6911233892144742e-17,1.0,1.6911233892144742e-17,0.5333333333333333,0.0002933405491362055
INFEASIBLE%,Drop Wave,0.8,8.466416460035895e-10,0.7666666666666667,6.531235554884833e-09,1.0,1.6911233892144742e-17,0.9666666666666667,1.0146740335286845e-15,0.8666666666666667,8.246509538996e-12,0.2,0.5940706297759378,1.0,1.6911233892144742e-17,0.7,2.5000118318420276e-07,0.4666666666666667,0.0025300622362698397,1.0,1.6911233892144742e-17,0.6333333333333333,5.795481973815609e-06,0.3,0.13500350250095441,1.0,1.6911233892144742e-17,1.0,1.6911233892144742e-17,0.43333333333333335,0.006548396368058784
INFEASIBLE%,Egg Crate,0.16666666666666666,0.8079631540901643,0.6333333333333333,5.795481973815609e-06,1.0,1.6911233892144742e-17,0.8666666666666667,8.246509538996e-12,0.8,8.466416460035895e-10,0.7333333333333333,4.326943555111202e-08,1.0,1.6911233892144742e-17,0.9,5.78702423789193e-13,0.8666666666666667,8.246509538996e-12,1.0,1.6911233892144742e-17,0.5333333333333333,0.0002933405491362055,0.26666666666666666,0.23907300248018645,1.0,1.6911233892144742e-17,1.0,1.6911233892144742e-17,0.4666666666666667,0.0025300622362698397
INFEASIBLE%,Price 2,0.3333333333333333,0.07088798787114439,0.9666666666666667,1.0146740335286845e-15,1.0,1.6911233892144742e-17,0.9666666666666667,1.0146740335286845e-15,0.9666666666666667,1.0146740335286845e-15,1.0,1.6911233892144742e-17,1.0,1.6911233892144742e-17,1.0,1.6911233892144742e-17,1.0,1.6911233892144742e-17,1.0,1.6911233892144742e-17,0.3333333333333333,0.07088798787114439,0.2,0.5940706297759378,1.0,1.6911233892144742e-17,1.0,1.6911233892144742e-17,0.4,0.015643390496754332
INFEASIBLE%,Mishra 1,0.9666666666666667,1.0146740335286845e-15,1.0,1.6911233892144742e-17,1.0,1.6911233892144742e-17,1.0,1.6911233892144742e-17,1.0,1.6911233892144742e-17,1.0,1.6911233892144742e-17,1.0,1.6911233892144742e-17,1.0,1.6911233892144742e-17,1.0,1.6911233892144742e-17,1.0,1.6911233892144742e-17,0.23333333333333334,0.39294501397971776,0.23333333333333334,0.39294501397971776,1.0,1.6911233892144742e-17,1.0,1.6911233892144742e-17,0.3333333333333333,0.07088798787114439
INFEASIBLE%,Needle Eye,0.4,0.015643390496754332,0.5666666666666667,8.737803591291227e-05,1.0,3.382246778428948e-17,0.8,8.466416460035895e-10,0.6333333333333333,5.795481973815609e-06,0.7,2.5000118318420276e-07,1.0,3.382246778428948e-17,0.9,5.78702423789193e-13,0.7666666666666667,6.531235554884833e-09,1.0,3.382246778428948e-17,0.36666666666666664,0.034580084963334506,0.13333333333333333,0.9578462903438838,1.0,3.382246778428948e-17,1.0,3.382246778428948e-17,0.36666666666666664,0.034580084963334506
INFEASIBLE%,Pinter,0.2,0.5940706297759378,0.6,2.366488472641374e-05,1.0,1.6911233892144742e-17,0.9,5.78702423789193e-13,0.6666666666666666,1.2750060342394341e-06,0.6,2.366488472641374e-05,1.0,1.6911233892144742e-17,0.9333333333333333,2.993288398909619e-14,0.6333333333333333,5.795481973815609e-06,1.0,1.6911233892144742e-17,0.43333333333333335,0.006548396368058784,0.16666666666666666,0.8079631540901643,1.0,1.6911233892144742e-17,1.0,1.6911233892144742e-17,0.5666666666666667,8.737803591291227e-05
INFEASIBLE%,Qing,0.3333333333333333,0.07088798787114439,0.5666666666666667,8.737803591291227e-05,1.0,1.6911233892144742e-17,0.7,2.5000118318420276e-07,0.6333333333333333,5.795481973815609e-06,0.7666666666666667,6.531235554884833e-09,1.0,1.6911233892144742e-17,0.9,5.78702423789193e-13,0.8333333333333334,9.236090683675521e-11,1.0,1.6911233892144742e-17,0.43333333333333335,0.006548396368058784,0.26666666666666666,0.23907300248018645,1.0,1.6911233892144742e-17,1.0,1.6911233892144742e-17,0.26666666666666666,0.23907300248018645
INFEASIBLE%,Rosenbrock,0.2,0.5940706297759378,0.6333333333333333,5.795481973815609e-06,1.0,1.6911233892144742e-17,0.9666666666666667,1.0146740335286845e-15,0.8,8.466416460035895e-10,0.7666666666666667,6.531235554884833e-09,1.0,1.6911233892144742e-17,0.9,5.78702423789193e-13,0.8333333333333334,9.236090683675521e-11,1.0,1.6911233892144742e-17,0.6,2.366488472641374e-05,0.3333333333333333,0.07088798787114439,1.0,1.6911233892144742e-17,1.0,1.6911233892144742e-17,0.4,0.015643390496754332
INFEASIBLE%,Schwaffer 7,0.1,0.9988393756362763,0.6666666666666666,1.2750060342394341e-06,1.0,1.6911233892144742e-17,0.8333333333333334,9.236090683675521e-11,0.7666666666666667,6.531235554884833e-09,0.7,2.5000118318420276e-07,1.0,1.6911233892144742e-17,0.8666666666666667,8.246509538996e-12,0.8,8.466416460035895e-10,1.0,1.6911233892144742e-17,0.26666666666666666,0.23907300248018645,0.2,0.5940706297759378,1.0,1.6911233892144742e-17,1.0,1.6911233892144742e-17,0.16666666666666666,0.8079631540901643
INFEASIBLE%,Schwefel $1.2$,0.3,0.13500350250095441,0.7666666666666667,6.531235554884833e-09,1.0,1.6911233892144742e-17,0.9666666666666667,1.0146740335286845e-15,0.9333333333333333,2.993288398909619e-14,0.8333333333333334,9.236090683675521e-11,1.0,1.6911233892144742e-17,0.9666666666666667,1.0146740335286845e-15,0.9333333333333333,2.993288398909619e-14,0.9666666666666667,1.0146740335286845e-15,0.3333333333333333,0.07088798787114439,0.26666666666666666,0.23907300248018645,1.0,1.6911233892144742e-17,1.0,1.6911233892144742e-17,0.13333333333333333,0.9578462903438838
INFEASIBLE%,Step 3,0.23333333333333334,0.39294501397971776,0.5,0.0008995776840176799,1.0,1.6911233892144742e-17,0.8333333333333334,9.236090683675521e-11,0.7333333333333333,4.326943555111202e-08,0.5,0.0008995776840176799,1.0,1.6911233892144742e-17,0.7333333333333333,4.326943555111202e-08,0.6666666666666666,1.2750060342394341e-06,1.0,1.6911233892144742e-17,0.43333333333333335,0.006548396368058784,0.3,0.13500350250095441,1.0,1.6911233892144742e-17,1.0,1.6911233892144742e-17,0.23333333333333334,0.39294501397971776
INFEASIBLE%,Weierstrass,0.36666666666666664,0.034580084963334506,0.7666666666666667,6.531235554884833e-09,1.0,1.6911233892144742e-17,1.0,1.6911233892144742e-17,0.8666666666666667,8.246509538996e-12,0.9333333333333333,2.993288398909619e-14,1.0,1.6911233892144742e-17,1.0,1.6911233892144742e-17,0.9666666666666667,1.0146740335286845e-15,1.0,1.6911233892144742e-17,0.6,2.366488472641374e-05,0.26666666666666666,0.23907300248018645,1.0,1.6911233892144742e-17,1.0,1.6911233892144742e-17,0.5,0.0008995776840176799
